{ "listdata": [{"path": "client/res/Agent/", "name": "bt_agent_0_0.png", "md5": "2b6a3091362fd082ea1aed388f8b59b6"}, 
{"path": "client/res/Agent/", "name": "bt_agent_0_1.png", "md5": "b517f48c7e48acd7535a21c866122819"}, 
{"path": "client/res/Agent/", "name": "bt_agent_1_0.png", "md5": "cba48e894a95c34ac67808f1fb2af6fc"}, 
{"path": "client/res/Agent/", "name": "bt_agent_1_1.png", "md5": "73cb422b12235ccb9af13d1f15338c07"}, 
{"path": "client/res/Agent/", "name": "bt_agent_2_0.png", "md5": "a31831232fe6fb1f2e6b0bc74e089aa0"}, 
{"path": "client/res/Agent/", "name": "bt_agent_2_1.png", "md5": "fe8da917aa4ca1bd88174ffa13d72100"}, 
{"path": "client/res/Agent/", "name": "bt_agent_3_0.png", "md5": "1741381efb691a8d685336d649b68130"}, 
{"path": "client/res/Agent/", "name": "bt_agent_3_1.png", "md5": "6ff78210ad00e742a003cbda0e15d292"}, 
{"path": "client/res/Agent/", "name": "bt_agent_4_0.png", "md5": "c87101f1d9e90a67b54f7fd4755994e7"}, 
{"path": "client/res/Agent/", "name": "bt_agent_4_1.png", "md5": "e7ace45a8e08aee2760dda47346ef73b"}, 
{"path": "client/res/Agent/", "name": "bt_agent_5_0.png", "md5": "2ff4758335f1f6c38242d1c4315863ed"}, 
{"path": "client/res/Agent/", "name": "bt_agent_5_1.png", "md5": "2e0f9ccd7b4ae8c6a4d6c90290321ba3"}, 
{"path": "client/res/Agent/", "name": "frame_agent_2.png", "md5": "64eac2ce1cc8e5ed90cc7c568e2a59f5"}, 
{"path": "client/res/Agent/", "name": "title_agent.png", "md5": "d98b2736c9ce642873ee87f7b0c78541"}, 
{"path": "client/res/Bag/", "name": "bt_add.png", "md5": "968d7fc7a28c3158bc805fe3d8d18920"}, 
{"path": "client/res/Bag/", "name": "bt_detail_present_0.png", "md5": "59f4779c778d4c8a0150c7e76664a45e"}, 
{"path": "client/res/Bag/", "name": "bt_detail_present_1.png", "md5": "7e78b235c73b374d99d6e2e70ab82294"}, 
{"path": "client/res/Bag/", "name": "bt_min.png", "md5": "ad4724e8e456a4da4d2204f6cd89cb1f"}, 
{"path": "client/res/Bag/", "name": "bt_present_0.png", "md5": "0ae0f14e7d4c8a896fa17081413341e5"}, 
{"path": "client/res/Bag/", "name": "bt_present_1.png", "md5": "bd1f2c67b6eacb1192b139b7c821c623"}, 
{"path": "client/res/Bag/", "name": "bt_use_0.png", "md5": "b959376ad875577fa6c64bcf1fdd5e7f"}, 
{"path": "client/res/Bag/", "name": "bt_use_1.png", "md5": "472641a9fff808036c0305415adfc8f7"}, 
{"path": "client/res/Bag/", "name": "cbt_0_0.png", "md5": "1d6a98c8d7b44f5155053c1903a9886c"}, 
{"path": "client/res/Bag/", "name": "cbt_0_1.png", "md5": "ea4d79181e61cf53da66a769624b93b1"}, 
{"path": "client/res/Bag/", "name": "cbt_1_0.png", "md5": "937594599acc0dbab810e16db7b15dab"}, 
{"path": "client/res/Bag/", "name": "cbt_1_1.png", "md5": "6e7567d9886ea87beb6925d8c23315fc"}, 
{"path": "client/res/Bag/", "name": "cbt_2_0.png", "md5": "125a6838f2f86e68c91587aebd11189e"}, 
{"path": "client/res/Bag/", "name": "cbt_2_1.png", "md5": "8ca1afe0a1967070bf521f121bb72531"}, 
{"path": "client/res/Bag/", "name": "cbt_3_0.png", "md5": "e908a513479675d1ade412c610fd5c51"}, 
{"path": "client/res/Bag/", "name": "cbt_3_1.png", "md5": "e94312fa49f9d60ebe4f8b19c0111526"}, 
{"path": "client/res/Bag/", "name": "cbt_choose_0.png", "md5": "c65071d21deb751297d83f7537874e95"}, 
{"path": "client/res/Bag/", "name": "cbt_choose_1.png", "md5": "7f5a34d228f3f49df1ddd44816dbb5d2"}, 
{"path": "client/res/Bag/", "name": "frame_1.png", "md5": "124bebd3bbbffb8da198aabddae6b164"}, 
{"path": "client/res/Bag/", "name": "frame_2.png", "md5": "002e54370a22d3a9fecc81464c473952"}, 
{"path": "client/res/Bag/", "name": "frame_3.png", "md5": "56b834f78c36b44b4b7f2fa5223a531c"}, 
{"path": "client/res/Bag/", "name": "frame_4.png", "md5": "314eab82095b763a285d6c6fcebbd267"}, 
{"path": "client/res/Bag/", "name": "frame_5.png", "md5": "63aa6f38e70e2c65af5e625dc193e71f"}, 
{"path": "client/res/Bag/", "name": "frame_6.png", "md5": "94a974ce437679861b8319184046d609"}, 
{"path": "client/res/Bag/", "name": "num_0.png", "md5": "cc691f7f48e3d6d64a84b883eb7b2a62"}, 
{"path": "client/res/Bag/", "name": "num_1.png", "md5": "ab4f26a6ede1781a697877eb38e2dac4"}, 
{"path": "client/res/Bag/", "name": "num_2.png", "md5": "7b1b342495d3bd154a550afd8f659ba4"}, 
{"path": "client/res/Bag/", "name": "num_3.png", "md5": "2462d7ae0cd372a239c77fe0354ab671"}, 
{"path": "client/res/Bag/", "name": "text_detail_0.png", "md5": "2b1a512329032e704e4ab81165931b3d"}, 
{"path": "client/res/Bag/", "name": "text_detail_1.png", "md5": "e46213908eae37ae08e5b7f1a09dafe9"}, 
{"path": "client/res/Bag/", "name": "text_detail_2.png", "md5": "c424a11b185ce88b9591ee3955dee610"}, 
{"path": "client/res/Bag/", "name": "text_detail_3.png", "md5": "fbe86e556f9638ca5d6a75a7546b327a"}, 
{"path": "client/res/Bag/", "name": "text_detail_4.png", "md5": "a3166d0b5c3fb0ea27ee2ff6be3ff95b"}, 
{"path": "client/res/Bag/", "name": "text_detail_5.png", "md5": "4b693446ca963b78bcf21949617825a7"}, 
{"path": "client/res/Bag/", "name": "text_detail_6.png", "md5": "53b8755523053194465dcb2babaa41e6"}, 
{"path": "client/res/Bag/", "name": "text_detail_7.png", "md5": "c09a8ff1ec5f2073a09e31ebd9b4e054"}, 
{"path": "client/res/Bag/", "name": "title_bag.png", "md5": "9078fa227dfff7a3bc106a5fe5ffc8c1"}, 
{"path": "client/res/Bank/", "name": "atlas_bank_num.png", "md5": "81610ea5aa053bc3fef18d4190cbc26c"}, 
{"path": "client/res/Bank/", "name": "BankCerLayer.csb", "md5": "71e561776c816cb45f65a4840f592adb"}, 
{"path": "client/res/Bank/", "name": "bank_frame_0.png", "md5": "aacd05ddbc34f102f672979bf1ee6cb5"}, 
{"path": "client/res/Bank/", "name": "bank_frame_1.png", "md5": "b192c6783ad255fd520731d7a6e43234"}, 
{"path": "client/res/Bank/", "name": "bank_num_0.png", "md5": "f0a0f9f753c8a988234f2d5c149a5733"}, 
{"path": "client/res/Bank/", "name": "bank_num_1.png", "md5": "a8e9906bf8485dcd5c3a0a728d738c2a"}, 
{"path": "client/res/Bank/", "name": "btn_banksavepic_0.png", "md5": "3c199dc3954b87e63c83da6377c1fb99"}, 
{"path": "client/res/Bank/", "name": "btn_banksavepic_1.png", "md5": "409e8bd0db7e1d38e9cfc34fc1a3f35d"}, 
{"path": "client/res/Bank/", "name": "btn_bankshare_0.png", "md5": "4979457986164dad3d044b95330f8a97"}, 
{"path": "client/res/Bank/", "name": "btn_bankshare_1.png", "md5": "fd670f03a39b28f060956ca30e63c5d0"}, 
{"path": "client/res/Bank/", "name": "bt_bank_check.png", "md5": "55e89c13de22a5ee84cea5884831e6d4"}, 
{"path": "client/res/Bank/", "name": "bt_bank_enable_0.png", "md5": "13e07667648618b6dad282a6e777b7b7"}, 
{"path": "client/res/Bank/", "name": "bt_bank_enable_1.png", "md5": "133f0c9699c7b4f43dbf1599e2e6e542"}, 
{"path": "client/res/Bank/", "name": "bt_bank_forget.png", "md5": "bd405de125240b576c28e8b8c2280097"}, 
{"path": "client/res/Bank/", "name": "bt_bank_present_0.png", "md5": "1ffbca18bb7baacdb0b9f63a261f43ac"}, 
{"path": "client/res/Bank/", "name": "bt_bank_present_1.png", "md5": "c59eb8a238f312298a12243790cbda0f"}, 
{"path": "client/res/Bank/", "name": "bt_bank_save_0.png", "md5": "40d083c6b1a4e937a7e56662cdd2ed12"}, 
{"path": "client/res/Bank/", "name": "bt_bank_save_1.png", "md5": "b568a294b6627a024d9a3fb509803f0d"}, 
{"path": "client/res/Bank/", "name": "bt_bank_take_0.png", "md5": "96aa03584c6264f08d1ead754edfd249"}, 
{"path": "client/res/Bank/", "name": "bt_bank_take_1.png", "md5": "f12f28ce1981d330f949208cd69fd0ed"}, 
{"path": "client/res/Bank/", "name": "icon_bank_save.png", "md5": "2cf529f8937d59cc17fe8023349894f5"}, 
{"path": "client/res/Bank/", "name": "icon_bank_take.png", "md5": "6e6f7da2057b0ccdcf4cf970dd35b8b1"}, 
{"path": "client/res/Bank/", "name": "sp_bankcapital.png", "md5": "39a9e12c0104de15cdd4f9e49dd78299"}, 
{"path": "client/res/Bank/", "name": "sp_bankcerno.png", "md5": "413360cf2c88b5ed43c67c15f24cf63b"}, 
{"path": "client/res/Bank/", "name": "sp_bankrecid.png", "md5": "8396f45a926dbd8ee9346b73143ebd24"}, 
{"path": "client/res/Bank/", "name": "sp_bankrecnick.png", "md5": "d2d630a5070347dd23fc4ab346c741b6"}, 
{"path": "client/res/Bank/", "name": "sp_banksendcount.png", "md5": "834e6b359364ed60913e4d0e5af9dd5c"}, 
{"path": "client/res/Bank/", "name": "sp_banksendnick.png", "md5": "9d3af46e1b276e97468a0edbaf2b5211"}, 
{"path": "client/res/Bank/", "name": "sp_banksenduid.png", "md5": "aae464689ba4f5c6c26170e7af745785"}, 
{"path": "client/res/Bank/", "name": "sp_banksend_date.png", "md5": "bf4d488ca841816d69d653c3abd67f87"}, 
{"path": "client/res/Bank/", "name": "sp_bank_cerbg.png", "md5": "d885e1ce6c7dd2125f72ea21aed1832c"}, 
{"path": "client/res/Bank/", "name": "sp_bank_certitle.png", "md5": "0e64a4a2a9863d77c6a9daf807e45d65"}, 
{"path": "client/res/Bank/", "name": "sp_bank_sendres.png", "md5": "cfaf21c6e7924f142b3bb62c3217605e"}, 
{"path": "client/res/Bank/", "name": "sp_bank_sendtip.png", "md5": "012cebacce81d0a3d7b3bbcfc2e7cc31"}, 
{"path": "client/res/Bank/", "name": "tag_bank_present_0.png", "md5": "b722fb8db10b0dcf62de91c70c03a659"}, 
{"path": "client/res/Bank/", "name": "tag_bank_present_1.png", "md5": "4e8e935c11ba93047ee75373944fe8a9"}, 
{"path": "client/res/Bank/", "name": "tag_bank_take_0.png", "md5": "af4ebcee6d58800f1a01e85772c72423"}, 
{"path": "client/res/Bank/", "name": "tag_bank_take_1.png", "md5": "eae2798f7bcaa2dfbda90cbc16775584"}, 
{"path": "client/res/Bank/", "name": "text_bank_gold.png", "md5": "aabbd8fff048238a36fced28d24b9b8a"}, 
{"path": "client/res/Bank/", "name": "text_bank_password.png", "md5": "de9b9c9fa6ae522ccb093a2ddf860b90"}, 
{"path": "client/res/Bank/", "name": "text_bank_preAccount.png", "md5": "8c681d34f713d8fbedcc19040856b0e7"}, 
{"path": "client/res/Bank/", "name": "text_bank_preGold.png", "md5": "e6e86d4de1f949f6338ba07f7642d81b"}, 
{"path": "client/res/Bank/", "name": "text_bank_save.png", "md5": "c68533b27e1d572dd1fe3d474d9ee987"}, 
{"path": "client/res/Bank/", "name": "text_bank_take.png", "md5": "ad1eed915690b267635267c6c1c5a396"}, 
{"path": "client/res/Bank/", "name": "text_confirm_enable.png", "md5": "8fa8060d901efd2766bcd1948e00b13b"}, 
{"path": "client/res/Bank/", "name": "text_setpass_enable.png", "md5": "70583fc28b8b76a0aca36381b35c3b6b"}, 
{"path": "client/res/Bank/", "name": "title_bank.png", "md5": "d5b568d1f2c88898e5a38462098e0246"}, 
{"path": "client/res/Bank/", "name": "title_bank_enable.png", "md5": "af27f9fea115c38beb8d3fae796611d5"}, 
{"path": "client/res/BankRecord/", "name": "frame_back_1.png", "md5": "814ce5088f4c7bc78ba335ff7a211567"}, 
{"path": "client/res/BankRecord/", "name": "frame_back_2.png", "md5": "bcdda182319a2a717283c1e194457bae"}, 
{"path": "client/res/BankRecord/", "name": "table_bankrecord_cell_0.png", "md5": "1b614015c1f6b0e6d74beced38d2f923"}, 
{"path": "client/res/BankRecord/", "name": "table_bankrecord_cell_1.png", "md5": "fab24e2316f1290964e86478a8bda716"}, 
{"path": "client/res/BankRecord/", "name": "table_bankrecord_line.png", "md5": "135d57de169b508147b785419e13a6f0"}, 
{"path": "client/res/BankRecord/", "name": "title_bankrecord.png", "md5": "e0c7016d0376c7c93dd1d34f80f0a7c7"}, 
{"path": "client/res/BankRecord/", "name": "title_bankrecord_0.png", "md5": "e35e42908816d7531f8795024d035d4b"}, 
{"path": "client/res/BankRecord/", "name": "title_bankrecord_1.png", "md5": "d3c68e5789512fe0e61539c42f489be0"}, 
{"path": "client/res/BankRecord/", "name": "title_bankrecord_2.png", "md5": "3fbebb72e0ed8653034a85a944284f0a"}, 
{"path": "client/res/BankRecord/", "name": "title_bankrecord_3.png", "md5": "accb72340fe5a155bd0adbfd3fde2b02"}, 
{"path": "client/res/BankRecord/", "name": "title_bankrecord_4.png", "md5": "fe40b1b9a50fa3cb17589f67728a3da0"}, 
{"path": "client/res/Binding/", "name": "bt_binding_0.png", "md5": "bb06c34b763f1714b904db709b0cd6fc"}, 
{"path": "client/res/Binding/", "name": "bt_binding_1.png", "md5": "1d7431489fcc1515629713d4fa7524bf"}, 
{"path": "client/res/Binding/", "name": "bt_registerbind.png", "md5": "584c2931d2cc3f111f4629799304c8aa"}, 
{"path": "client/res/Binding/", "name": "frame_binding_0.png", "md5": "b192c6783ad255fd520731d7a6e43234"}, 
{"path": "client/res/Binding/", "name": "text_binding_0.png", "md5": "ed32389ece50abb3b1c096464e36e999"}, 
{"path": "client/res/Binding/", "name": "text_binding_1.png", "md5": "1c053bd1a20891ff6c66cad6b5bac9a4"}, 
{"path": "client/res/Binding/", "name": "text_binding_2.png", "md5": "9341d47316202b9eb4329e7db2d6735b"}, 
{"path": "client/res/Binding/", "name": "title_binding.png", "md5": "27a76ee35c2e5efcb04b0a1c1feab1ca"}, 
{"path": "client/res/Checkin/", "name": "back_checkin_0.png", "md5": "6ad3d36b0fb3dd1aafb518f369c226e4"}, 
{"path": "client/res/Checkin/", "name": "back_checkin_1.png", "md5": "6e0db9412fa57a99c5755ebbf8f16a34"}, 
{"path": "client/res/Checkin/", "name": "back_checkin_frame.png", "md5": "a9bd9b3ce30ac4125eb4a6bb51471780"}, 
{"path": "client/res/Checkin/", "name": "bt_checkin_0.png", "md5": "019da9c2a5adb804995f8ea7237db38e"}, 
{"path": "client/res/Checkin/", "name": "bt_checkin_1.png", "md5": "b08bc123480e8bda8bdeab10675a4058"}, 
{"path": "client/res/Checkin/", "name": "bt_checkin_2.png", "md5": "b57504289043cee4a54e34a1ef501bad"}, 
{"path": "client/res/Checkin/", "name": "bt_checkin_vip_0.png", "md5": "98d6cd8f99c7b8a0d46170a6ccb9e346"}, 
{"path": "client/res/Checkin/", "name": "bt_checkin_vip_1.png", "md5": "bf3f9e88ae59befed489fc79745b54b3"}, 
{"path": "client/res/Checkin/", "name": "bt_vip_confirm_0.png", "md5": "f13fa2e4c4f85edae339130d0c71b61a"}, 
{"path": "client/res/Checkin/", "name": "bt_vip_confirm_1.png", "md5": "6320f128c2131c6f27c193fb6b42ff2d"}, 
{"path": "client/res/Checkin/", "name": "bt_vip_confirm_2.png", "md5": "e81bbfd3040709b5b50d99c6286cc494"}, 
{"path": "client/res/Checkin/", "name": "bt_vip_page_0.png", "md5": "d1d86d01cc44b621dfe7d9eff50ac30f"}, 
{"path": "client/res/Checkin/", "name": "bt_vip_page_1.png", "md5": "d4507b0736c89350f1ca1db5cd6034de"}, 
{"path": "client/res/Checkin/", "name": "frame_checkin_2.png", "md5": "4d3d0377c6b7e20726b7cd6f1a6dc7cc"}, 
{"path": "client/res/Checkin/", "name": "frame_vip_0.png", "md5": "642aa2abb949dc98ae2c6ce5877d6331"}, 
{"path": "client/res/Checkin/", "name": "icon_checkin_0.png", "md5": "aefa68477d29d1d3faf915eca9c62a1c"}, 
{"path": "client/res/Checkin/", "name": "icon_checkin_1.png", "md5": "6f5bb3e7bc486bf3d6cf84343c4313ba"}, 
{"path": "client/res/Checkin/", "name": "icon_checkin_2.png", "md5": "25b9d3ea3abf6dc6551716757996f8ee"}, 
{"path": "client/res/Checkin/", "name": "MemberGiftLayer.csb", "md5": "f7d26ed3403b9254c0bcb25585bd0ce4"}, 
{"path": "client/res/Checkin/", "name": "num_checkin_0.png", "md5": "3ae0df79f24b45d5edc736d092a73849"}, 
{"path": "client/res/Checkin/", "name": "num_checkin_1.png", "md5": "c0763d1f4560676d5921004ae51e3ac9"}, 
{"path": "client/res/Checkin/", "name": "num_checkin_2.png", "md5": "991c4f4f947f08dd14eb9cbc2c783599"}, 
{"path": "client/res/Checkin/", "name": "num_checkin_3.png", "md5": "d301133892bdfc37aeb9cedffe7b95ea"}, 
{"path": "client/res/Checkin/", "name": "num_checkin_4.png", "md5": "a934aef9937ff973b27556fd32cb111c"}, 
{"path": "client/res/Checkin/", "name": "num_vip_0.png", "md5": "cf39f2d0f07175c3bc32379fced3fce7"}, 
{"path": "client/res/Checkin/", "name": "text_checkin_0.png", "md5": "0835679846985fe4932f974be1209f33"}, 
{"path": "client/res/Checkin/", "name": "text_checkin_1.png", "md5": "dfe3d8fa2059be6747557a211c0c6077"}, 
{"path": "client/res/Checkin/", "name": "text_checkin_2.png", "md5": "74bbaba6f64efa2c4cb5c60b1924686f"}, 
{"path": "client/res/Checkin/", "name": "text_checkin_3.png", "md5": "c9aaa13603103cb77b0888d52626d609"}, 
{"path": "client/res/Checkin/", "name": "text_checkin_4.png", "md5": "04e59b40c4b46f05596d0b7f2fd35b62"}, 
{"path": "client/res/Checkin/", "name": "title_checkin.png", "md5": "b9a5c46b88cd307aad79a2f3994c495a"}, 
{"path": "client/res/EveryDay/", "name": "bt_everyday_0_0.png", "md5": "d80565d64f92cf96ac70f5709b64094a"}, 
{"path": "client/res/EveryDay/", "name": "bt_everyday_0_1.png", "md5": "a8bdf52a653abe9245df36e5201663e2"}, 
{"path": "client/res/EveryDay/", "name": "bt_everyday_1_0.png", "md5": "e1a3fefa27e22138d2bc72c7ed97440d"}, 
{"path": "client/res/EveryDay/", "name": "bt_everyday_1_1.png", "md5": "fab571f435dc53c881b14b6eab9577e4"}, 
{"path": "client/res/EveryDay/", "name": "bt_everyday_2_0.png", "md5": "67a1c23bcac6b63e9bfee01929ee11d8"}, 
{"path": "client/res/EveryDay/", "name": "bt_everyday_2_1.png", "md5": "2e8019c1752064c28abd85ffc2a98a26"}, 
{"path": "client/res/EveryDay/", "name": "bt_everyday_3_0.png", "md5": "196b533aac0bbe6711e72148a06b1692"}, 
{"path": "client/res/EveryDay/", "name": "bt_everyday_3_1.png", "md5": "baa5a044ed831cbe59a6869170be5a5d"}, 
{"path": "client/res/EveryDay/", "name": "bt_everyday_4_0.png", "md5": "02f5c3c24d2f2fcf62fcfb1572db2150"}, 
{"path": "client/res/EveryDay/", "name": "bt_everyday_4_1.png", "md5": "d7fe14ba4d5f1746087da27fa3c283cc"}, 
{"path": "client/res/EveryDay/", "name": "bt_everyday_5_0.png", "md5": "faae39b4f74259efb77e6161f99984a4"}, 
{"path": "client/res/EveryDay/", "name": "bt_everyday_5_1.png", "md5": "31ef15406e011a26470caca998f5145d"}, 
{"path": "client/res/EveryDay/", "name": "cell_everyday.png", "md5": "f94f25627a82745c155993e7d52a69c2"}, 
{"path": "client/res/EveryDay/", "name": "icon_everyday_0.png", "md5": "58e86c8e21984cc0b6edd2e877b0ddcc"}, 
{"path": "client/res/EveryDay/", "name": "icon_everyday_1.png", "md5": "13a98edf33bba33d6ec875dff3d067fa"}, 
{"path": "client/res/EveryDay/", "name": "icon_everyday_2.png", "md5": "2936aca2bbe5ab858f35be018b41e0bf"}, 
{"path": "client/res/EveryDay/", "name": "icon_everyday_3.png", "md5": "81d8b75e46386384e4ee494c8989bce3"}, 
{"path": "client/res/EveryDay/", "name": "icon_everyday_4.png", "md5": "5cda5d0cfc64f2c8e83b2d942c7b9403"}, 
{"path": "client/res/EveryDay/", "name": "icon_everyday_5.png", "md5": "b503b81315d8cd692dfe19461db56a51"}, 
{"path": "client/res/EveryDay/", "name": "text_everyday_0.png", "md5": "ba54bf38702b80425a8b449a88931371"}, 
{"path": "client/res/EveryDay/", "name": "text_everyday_1.png", "md5": "481949fce6b6960dc18e328102a238e9"}, 
{"path": "client/res/EveryDay/", "name": "text_everyday_2.png", "md5": "adf8ef6b2a4058305dbed69fbe550f22"}, 
{"path": "client/res/EveryDay/", "name": "text_everyday_3.png", "md5": "56857684d92ad283e114bcaff16389a7"}, 
{"path": "client/res/EveryDay/", "name": "text_everyday_4.png", "md5": "fd799b4effa92f612cab998e44dc36e5"}, 
{"path": "client/res/EveryDay/", "name": "text_everyday_5.png", "md5": "783052ecf438c140c1834d5c178837c7"}, 
{"path": "client/res/EveryDay/", "name": "title_everyday.png", "md5": "cebbf62970fb4e20377bc8b1ea5ea52a"}, 
{"path": "client/res/feedback/", "name": "FaqLayer.csb", "md5": "c1b29bd8a35ed562a8ece1c71b6aa52d"}, 
{"path": "client/res/feedback/", "name": "FeedbackSendLayer.csb", "md5": "da391b017bf7d7b54dabedd837ee6e4b"}, 
{"path": "client/res/feedback/", "name": "sp_faq_title.png", "md5": "213706d361740bebf347a1d391702ec9"}, 
{"path": "client/res/feedback/", "name": "sp_feedback_title.png", "md5": "211917a2fbc13bf0e08517e3cf1afd2f"}, 
{"path": "client/res/Friend/", "name": "anniu10.png", "md5": "bfaa9911c642d896ab87c90edf2d1563"}, 
{"path": "client/res/Friend/", "name": "anniu11.png", "md5": "5b7e69a918a8ff7bef69cb17933525a3"}, 
{"path": "client/res/Friend/", "name": "anniu12.png", "md5": "454051aa9377b277f6f20a97f56b2696"}, 
{"path": "client/res/Friend/", "name": "anniu13.png", "md5": "1a1e854d0e8554d8e46f1772b0c71d48"}, 
{"path": "client/res/Friend/", "name": "anniu14.png", "md5": "e43222aac3f314c746cc06ec088c758c"}, 
{"path": "client/res/Friend/", "name": "anniu15.png", "md5": "e283ca52efe4b888d4d91b3fbd4b84ab"}, 
{"path": "client/res/Friend/", "name": "anniu15_1.png", "md5": "5f7652ffbe41a4423239b7eb9ac18e97"}, 
{"path": "client/res/Friend/", "name": "anniu16.png", "md5": "ace6f374b7e6a7c5fb4975521d73eb62"}, 
{"path": "client/res/Friend/", "name": "anniu17.png", "md5": "ccc6413727e22d0b9258c948f76b1f26"}, 
{"path": "client/res/Friend/", "name": "anniu18.png", "md5": "b5b0f396ee16e83779dc4994285bbf7d"}, 
{"path": "client/res/Friend/", "name": "anniu19.png", "md5": "7139372d83a4a251a0b5574756e5d152"}, 
{"path": "client/res/Friend/", "name": "anniu20.png", "md5": "9268847b7c4b7585747be0cefead4395"}, 
{"path": "client/res/Friend/", "name": "anniu21.png", "md5": "4b2242ff2d36bfbfe75c37308265e296"}, 
{"path": "client/res/Friend/", "name": "anniu22.png", "md5": "72be34c390d40d2a8a9b31b10254c9a4"}, 
{"path": "client/res/Friend/", "name": "anniu23.png", "md5": "1b22c2a1409a519a76a3d1cfb1cd3c0f"}, 
{"path": "client/res/Friend/", "name": "anniu24.png", "md5": "2818c67b5230a14a4624ccab1e467a32"}, 
{"path": "client/res/Friend/", "name": "anniu25.png", "md5": "2c80c19dca7a7208847400904103e190"}, 
{"path": "client/res/Friend/", "name": "anniu26.png", "md5": "7456222d70a45b076949a0d83843695f"}, 
{"path": "client/res/Friend/", "name": "anniu29.png", "md5": "bcc42f86a63722a1b1c9805bc62786da"}, 
{"path": "client/res/Friend/", "name": "anniu3.png", "md5": "b9aad3f1a27824eaee503d1b7523dd62"}, 
{"path": "client/res/Friend/", "name": "anniu30.png", "md5": "748fa8b41c220f0646e8e8023d80430f"}, 
{"path": "client/res/Friend/", "name": "anniu31.png", "md5": "144e7484650fc6f85e72d9719e612a8d"}, 
{"path": "client/res/Friend/", "name": "anniu32.png", "md5": "045060672d1359a8fc7e4720396adde0"}, 
{"path": "client/res/Friend/", "name": "anniu33.png", "md5": "4b2a48c982a5313aaebaf7725feaa4a7"}, 
{"path": "client/res/Friend/", "name": "anniu4.png", "md5": "bcec804840772b768bab68a9296d7fbd"}, 
{"path": "client/res/Friend/", "name": "anniu5.png", "md5": "a439d520d9fc697e28d689e2ccb0085f"}, 
{"path": "client/res/Friend/", "name": "anniu6.png", "md5": "ddadc1be3fcb8d1a8ca97abf85e39dea"}, 
{"path": "client/res/Friend/", "name": "anniu7.png", "md5": "64d1df987cc251edcc45b16de983f31e"}, 
{"path": "client/res/Friend/", "name": "anniu8.png", "md5": "1229a83bf69d30c4ec61ec0bfea6ec9d"}, 
{"path": "client/res/Friend/", "name": "anniu9.png", "md5": "bd3edba51243e1f6ed698f34273d57cf"}, 
{"path": "client/res/Friend/", "name": "biaoti1.png", "md5": "0fb317cb0ba691626968c571c8a2cad1"}, 
{"path": "client/res/Friend/", "name": "biaoti10.png", "md5": "d78aaeb8c7afe41d63b1769fbda048d7"}, 
{"path": "client/res/Friend/", "name": "biaoti11.png", "md5": "2d0403c02a8ab5141eafc7cb9940e1bd"}, 
{"path": "client/res/Friend/", "name": "biaoti2.png", "md5": "9816b3e8a7de9569c09f5661ad367972"}, 
{"path": "client/res/Friend/", "name": "biaoti3.png", "md5": "56f968fa81701a4f514efdb21d822280"}, 
{"path": "client/res/Friend/", "name": "biaoti4.png", "md5": "423234378841d41488cfe073ee8da1e3"}, 
{"path": "client/res/Friend/", "name": "biaoti5.png", "md5": "96b447a4d543a4e7846c5d2a80c70cc6"}, 
{"path": "client/res/Friend/", "name": "biaoti6.png", "md5": "6639982b7bd590b1dce801cce7c7b04d"}, 
{"path": "client/res/Friend/", "name": "biaoti7.png", "md5": "b03b1d4a2b688e186107a61feaf0d580"}, 
{"path": "client/res/Friend/", "name": "biaoti8.png", "md5": "08859ea2821995619292734517f35adb"}, 
{"path": "client/res/Friend/", "name": "biaoti9.png", "md5": "994cf95e5c35a1f3e5e796c370b050fc"}, 
{"path": "client/res/Friend/", "name": "btn_del_msg.png", "md5": "d97ce8ebe46a98fa4fce05bbde94c6d4"}, 
{"path": "client/res/Friend/", "name": "dikuang10.png", "md5": "c562a73cc04abfaf25ffd7f8977cae37"}, 
{"path": "client/res/Friend/", "name": "dikuang11.png", "md5": "d1055f535bebc2c049c4c50743af9c35"}, 
{"path": "client/res/Friend/", "name": "dikuang12.png", "md5": "b0998df20f8e645be9824bff4d4ead50"}, 
{"path": "client/res/Friend/", "name": "dikuang13.png", "md5": "1392dc56cca53f7986b8f047322924d0"}, 
{"path": "client/res/Friend/", "name": "dikuang14.png", "md5": "c58ee7f98a13bef1d21f43ec27342010"}, 
{"path": "client/res/Friend/", "name": "dikuang15.png", "md5": "54f37b3187fe6eab5a1089a7e3423647"}, 
{"path": "client/res/Friend/", "name": "dikuang16.png", "md5": "56d0c5635a649a3130a507a87b90f231"}, 
{"path": "client/res/Friend/", "name": "dikuang17.png", "md5": "badbdfa70828bbe307db9c54d4b863c2"}, 
{"path": "client/res/Friend/", "name": "dikuang19.png", "md5": "1c25fca77772d46d0caa8b953691bac3"}, 
{"path": "client/res/Friend/", "name": "dikuang20.png", "md5": "ece6265606a3774b5a89567e6ce92406"}, 
{"path": "client/res/Friend/", "name": "dikuang21.png", "md5": "b50fe5b30332a2ae664d9137930ca47d"}, 
{"path": "client/res/Friend/", "name": "dikuang22.png", "md5": "7e702c4642956044efbf03b18c42a3d0"}, 
{"path": "client/res/Friend/", "name": "dikuang23.png", "md5": "23ff659da31f554c7cf1973591dad589"}, 
{"path": "client/res/Friend/", "name": "dikuang25.png", "md5": "b27c4af5213cb6752a39157671e9b02f"}, 
{"path": "client/res/Friend/", "name": "dikuang26.png", "md5": "0f69cd25d20be577567ec7a8d3d84532"}, 
{"path": "client/res/Friend/", "name": "dikuang27.png", "md5": "4b837bb728b35e9478187a5b0430d74a"}, 
{"path": "client/res/Friend/", "name": "dikuang4.png", "md5": "6ff8e52107c5b9a2117c77048dd47bbb"}, 
{"path": "client/res/Friend/", "name": "dikuang5.png", "md5": "8495b311c02c17716e05ad30952c978d"}, 
{"path": "client/res/Friend/", "name": "dikuang7.png", "md5": "314eab82095b763a285d6c6fcebbd267"}, 
{"path": "client/res/Friend/", "name": "dikuang8.png", "md5": "70345e12ee79b2c423c47bb964b3b7c1"}, 
{"path": "client/res/Friend/", "name": "dikuang9.png", "md5": "b68281de6439a97a706848fdcf6b5d35"}, 
{"path": "client/res/Friend/", "name": "friendhd_clip.png", "md5": "233c116d17240f5bea733273ae6cd850"}, 
{"path": "client/res/Friend/", "name": "FriendLayer.csb", "md5": "109f351ac5cebf6bcf435972f1b3778a"}, 
{"path": "client/res/Friend/", "name": "FriendShareListLayer.csb", "md5": "91f61148b05853fee0155270f35c30af"}, 
{"path": "client/res/Friend/", "name": "NearFriendListLayer.csb", "md5": "b52f0b5498ed28491ce32ee76c1116a6"}, 
{"path": "client/res/Friend/", "name": "plazz_fd_btn_friendshare_0.png", "md5": "9dfd8c7d49eb2ab80696c53fd15e4be2"}, 
{"path": "client/res/Friend/", "name": "plazz_fd_btn_friendshare_1.png", "md5": "c791f6a03b1d2c42f7ac080202951b89"}, 
{"path": "client/res/Friend/", "name": "plazz_fd_sp_friendlist_title.png", "md5": "e10a5c41a68e361a48c4773f6f86793a"}, 
{"path": "client/res/Friend/", "name": "shuzi1.png", "md5": "fe6014b097d5b50bb12faa4e52e8c6e1"}, 
{"path": "client/res/Friend/", "name": "shuzi2.png", "md5": "5f92752015ea288bd79478476f8970e5"}, 
{"path": "client/res/Friend/", "name": "sp_friendlist_bg.png", "md5": "d0c9f145bc6ec9f6d9acdc9c745d4c20"}, 
{"path": "client/res/Friend/", "name": "sp_friend_cellbg.png", "md5": "00fced6cb6d173c983354af80311e0de"}, 
{"path": "client/res/Friend/", "name": "sp_nofriend.png", "md5": "4f5d33eba4f46d24087c9c31905e9814"}, 
{"path": "client/res/Friend/", "name": "trans_bg.png", "md5": "65be78efdb59232e4a76ac7bec09bc54"}, 
{"path": "client/res/Friend/", "name": "tutiao2.png", "md5": "15284377a59d65e1a894da0ae98e8d73"}, 
{"path": "client/res/Friend/", "name": "tutiao3.png", "md5": "764359566d6542463bc521c34304a828"}, 
{"path": "client/res/Friend/", "name": "tutiao4.png", "md5": "a3dd49b683775162fbdff8f25b7afff9"}, 
{"path": "client/res/Friend/", "name": "tutiao5.png", "md5": "7407a9ff892d12998117b7b87038f9f5"}, 
{"path": "client/res/Friend/", "name": "tutiao6.png", "md5": "1a0aacd4697913ccfad3d0101b605c32"}, 
{"path": "client/res/Friend/", "name": "tutiao7.png", "md5": "71ff938a9f46472c77cd2be9813b4ed6"}, 
{"path": "client/res/GameList/", "name": "default.png", "md5": "544525ab5adf038a78eb9daa26b9877c"}, 
{"path": "client/res/GameList/", "name": "game_102.png", "md5": "c97015036c19868147254c3aa9a3f79f"}, 
{"path": "client/res/GameList/", "name": "game_104.png", "md5": "9936e81e639cc99c28d71e32acd227cb"}, 
{"path": "client/res/GameList/", "name": "game_118.png", "md5": "8a060602e3fe5fdb204ef3a31b664bc0"}, 
{"path": "client/res/GameList/", "name": "game_122.png", "md5": "1d138ec0ce06478ac3a43b8956e8fb45"}, 
{"path": "client/res/GameList/", "name": "game_140.png", "md5": "9ffd5313e3feabd3bd21aaf3ee97c405"}, 
{"path": "client/res/GameList/", "name": "game_200.png", "md5": "7e797864582fe7e78aab4e96f9b593fb"}, 
{"path": "client/res/GameList/", "name": "game_25.png", "md5": "813e0a7fc80146a6f17d55817dd311f1"}, 
{"path": "client/res/GameList/", "name": "game_27.png", "md5": "9281a818e979a5b37e33f6eedcfa3f4a"}, 
{"path": "client/res/GameList/", "name": "game_36.png", "md5": "1d66ed7412e17180ffaad62e0692d847"}, 
{"path": "client/res/GameList/", "name": "game_389.png", "md5": "c5cb5735579db44045369733c775b553"}, 
{"path": "client/res/GameList/", "name": "game_401.png", "md5": "773e5b49b90d5e4c1c64e2832f578bae"}, 
{"path": "client/res/GameList/", "name": "game_507.png", "md5": "cc146d2490496bb611f2ee061fd1ed91"}, 
{"path": "client/res/GameList/", "name": "game_510.png", "md5": "ad199903cdff77020cbfc6c8506435fd"}, 
{"path": "client/res/GameList/", "name": "game_511.png", "md5": "3ed404fca9c0e23c29dddb3722febc9e"}, 
{"path": "client/res/GameList/", "name": "game_516.png", "md5": "32d289de4cba64d1b266a89b20e8ba10"}, 
{"path": "client/res/GameList/", "name": "game_6.png", "md5": "d46ec922402676e0518f863cc45f68cc"}, 
{"path": "client/res/GameList/", "name": "game_601.png", "md5": "09c188f76b301cc5af65f8442e2c8832"}, 
{"path": "client/res/GameList/", "name": "spinner_circle.png", "md5": "84a617f106ae420ae0a3205c63841901"}, 
{"path": "client/res/General/", "name": "bt_cancel_0.png", "md5": "df5034ad3e6dc2d69f1ab129383bad0a"}, 
{"path": "client/res/General/", "name": "bt_cancel_1.png", "md5": "e0d180ecc896a508dfe581a3bb01103d"}, 
{"path": "client/res/General/", "name": "bt_close_0.png", "md5": "e41a78050a6be33b7868d020e265bb9f"}, 
{"path": "client/res/General/", "name": "bt_close_1.png", "md5": "6ddf2337d7dc8e78cf17f019c6fd7aab"}, 
{"path": "client/res/General/", "name": "bt_confirm_0.png", "md5": "1080791651114291f692357af2b0d2f8"}, 
{"path": "client/res/General/", "name": "bt_confirm_1.png", "md5": "99fd3a70e43d74a270237b8296b69460"}, 
{"path": "client/res/General/", "name": "bt_horn_down.png", "md5": "cb261ce53355526841dc9797cec9f670"}, 
{"path": "client/res/General/", "name": "bt_horn_up.png", "md5": "bcdfaa3849485c520fbe0472d7dc0b56"}, 
{"path": "client/res/General/", "name": "frame_0.png", "md5": "224d50038e14f9ef20dfcce8aa585c17"}, 
{"path": "client/res/General/", "name": "frame_1.png", "md5": "9bf5d7f46b922db8adb59f1492ee9e62"}, 
{"path": "client/res/General/", "name": "frame_2.png", "md5": "662d86a4bd825d50b623f1c454e5847f"}, 
{"path": "client/res/General/", "name": "frame_horn.png", "md5": "c52879199f1da4e397e70e04cb328a7f"}, 
{"path": "client/res/General/", "name": "general_num.png", "md5": "a8e9906bf8485dcd5c3a0a728d738c2a"}, 
{"path": "client/res/General/", "name": "title_general.png", "md5": "7e121ab65e90491c0003203b76c25aaf"}, 
{"path": "client/res/Information/", "name": "atlas_vipnumber.png", "md5": "3ebb4bbde66489fcd4150d901b50b2bb"}, 
{"path": "client/res/Information/", "name": "btn_qrcode_0.png", "md5": "1220d888916f8c1902a7a5c89c796995"}, 
{"path": "client/res/Information/", "name": "btn_qrcode_1.png", "md5": "1bfb2c8a5fa9e81f2182ff09c7602037"}, 
{"path": "client/res/Information/", "name": "btn_ubag_0.png", "md5": "d5352828ab6e34ce0bef04eeda82fdfb"}, 
{"path": "client/res/Information/", "name": "btn_ubag_1.png", "md5": "921acf718ada562f2a3eba8cfbad17a2"}, 
{"path": "client/res/Information/", "name": "bt_agent_0.png", "md5": "358d92814da0b1b0b269b96ccb7d3d50"}, 
{"path": "client/res/Information/", "name": "bt_agent_1.png", "md5": "405114268feaa51619a1ddcf8b81783b"}, 
{"path": "client/res/Information/", "name": "bt_info_binding_0.png", "md5": "5c59c6d849cbb1e02a624552ee0b494e"}, 
{"path": "client/res/Information/", "name": "bt_info_binding_1.png", "md5": "987515dbd65b991faae1e52daba43916"}, 
{"path": "client/res/Information/", "name": "bt_info_edit_0.png", "md5": "da847f9bdb585a26501ea208760d63a3"}, 
{"path": "client/res/Information/", "name": "bt_info_edit_1.png", "md5": "46a38f3e21b33cd5a40f48fcf25edb4f"}, 
{"path": "client/res/Information/", "name": "bt_info_exchange_0.png", "md5": "e671411fe8b65b20ab3988898139deb7"}, 
{"path": "client/res/Information/", "name": "bt_info_exchange_1.png", "md5": "808dd81690e83e7ecccdcb67468df592"}, 
{"path": "client/res/Information/", "name": "bt_info_recharge_0.png", "md5": "da4c6c21cf68f434c518469214270a9b"}, 
{"path": "client/res/Information/", "name": "bt_info_recharge_1.png", "md5": "cab6627c3e63108bf9837bbefaa47f06"}, 
{"path": "client/res/Information/", "name": "bt_info_take_0.png", "md5": "4c81b20a16176ef0a1c7ffd212986e6c"}, 
{"path": "client/res/Information/", "name": "bt_info_take_1.png", "md5": "b1721965950416413ee88ed0a61af5cf"}, 
{"path": "client/res/Information/", "name": "bt_info_vip_0.png", "md5": "b1e55854288944d853d2a830b0c7da5e"}, 
{"path": "client/res/Information/", "name": "bt_info_vip_1.png", "md5": "194036a5a6cb1bd2cfce55a8f3f38d9d"}, 
{"path": "client/res/Information/", "name": "checkbox_info_0.png", "md5": "76546016f0de5bbc1364f6b16cbfae76"}, 
{"path": "client/res/Information/", "name": "checkbox_info_1.png", "md5": "82e18d7e4d430ace5db0d92baa6dd22c"}, 
{"path": "client/res/Information/", "name": "frame_info_level.png", "md5": "fca3b44ffc2708a15d8cde40cd8fab63"}, 
{"path": "client/res/Information/", "name": "head_info_frame.png", "md5": "2bcbd30bf0a4180d8fef7e3b5808b4f8"}, 
{"path": "client/res/Information/", "name": "icon_info_0.png", "md5": "faa4f5bb3300333fb39f74e7a7706c93"}, 
{"path": "client/res/Information/", "name": "icon_info_1.png", "md5": "8a9ab8f6a39ef841262f64931d5221be"}, 
{"path": "client/res/Information/", "name": "icon_info_edit.png", "md5": "5c395431a8429fd45dc53f48dff3100a"}, 
{"path": "client/res/Information/", "name": "icon_info_level.png", "md5": "91d72861717bae7adb40be87d8a3618c"}, 
{"path": "client/res/Information/", "name": "icon_info_up.png", "md5": "27417031d30bb23ea0a0e604a29bb49f"}, 
{"path": "client/res/Information/", "name": "info_frame_1.png", "md5": "4a0c823f4e1cd085d3a2549a6da4161a"}, 
{"path": "client/res/Information/", "name": "info_frame_2.png", "md5": "b0cb1f5ae19be36e5abf6c31abbf8e5e"}, 
{"path": "client/res/Information/", "name": "info_frame_3.png", "md5": "f59c62d9dae6920ee5d5e465b79dd4f4"}, 
{"path": "client/res/Information/", "name": "info_frame_4.png", "md5": "10c5ed168ebb27c94f94d489eaabecf3"}, 
{"path": "client/res/Information/", "name": "num_info_level.png", "md5": "fe6014b097d5b50bb12faa4e52e8c6e1"}, 
{"path": "client/res/Information/", "name": "progress_info_level.png", "md5": "91b2169e620d0724bae0e38f9a4a0276"}, 
{"path": "client/res/Information/", "name": "text_info_account.png", "md5": "30a254e3833f5d84b7b834d92f500a80"}, 
{"path": "client/res/Information/", "name": "text_info_bean.png", "md5": "1bba7dc9f98a33eec786ff179c56dc80"}, 
{"path": "client/res/Information/", "name": "text_info_gender.png", "md5": "02d31e98356929ef8a524222a1c8c144"}, 
{"path": "client/res/Information/", "name": "text_info_gold.png", "md5": "795f85869bc3b4b3c0f6096e89100d28"}, 
{"path": "client/res/Information/", "name": "text_info_id.png", "md5": "5cc73e2d55d21f93468202a35fae1004"}, 
{"path": "client/res/Information/", "name": "text_info_ingot.png", "md5": "e5ec462accd74cacf7e0bfd7a9d79e94"}, 
{"path": "client/res/Information/", "name": "text_info_level.png", "md5": "9816b3e8a7de9569c09f5661ad367972"}, 
{"path": "client/res/Information/", "name": "text_info_nickname.png", "md5": "d486e82728c9b6a0aa1f87736cfd41fb"}, 
{"path": "client/res/Information/", "name": "text_info_sign.png", "md5": "2019b6998d57ed1d858f2ee10cc557de"}, 
{"path": "client/res/Information/", "name": "title_info.png", "md5": "677ef18dce14db56bf7c6e7eba18bd6a"}, 
{"path": "client/res/Logon/", "name": "account_text.png", "md5": "4a352cc4608129c89d104ba7ff2c5a21"}, 
{"path": "client/res/Logon/", "name": "btn_login_fgpw.png", "md5": "faa72e211511ce79ce84c937ba4485c7"}, 
{"path": "client/res/Logon/", "name": "choose_button.png", "md5": "d0680b63bd99e44fdb4a5ac38690fd2e"}, 
{"path": "client/res/Logon/", "name": "logon_button_0.png", "md5": "aa282c315bf7c8c85f3eb953a81fb84e"}, 
{"path": "client/res/Logon/", "name": "logon_button_1.png", "md5": "9bc910dfff614dfdcdc75e9da69e004d"}, 
{"path": "client/res/Logon/", "name": "logon_button_2.png", "md5": "5cd6a166336fc10dfca82eb2474b51c8"}, 
{"path": "client/res/Logon/", "name": "logon_logo.png", "md5": "deeb37a682846f32f2ff4d6708643558"}, 
{"path": "client/res/Logon/", "name": "password_text.png", "md5": "afe52bb92953b413bc6845cd857e5ba6"}, 
{"path": "client/res/Logon/", "name": "regist_button.png", "md5": "7a568d0c516f97d6ee02aa8d77c15a7c"}, 
{"path": "client/res/Logon/", "name": "rem_password_button.png", "md5": "43b33ba519cd1780eb151e7bcfaf3560"}, 
{"path": "client/res/Logon/", "name": "text_field_frame.png", "md5": "47e0ba992b62eb0daba5ceec688f58f7"}, 
{"path": "client/res/Logon/", "name": "third_part_frame.png", "md5": "6564585eee881e0aa4826432d8c487d6"}, 
{"path": "client/res/Logon/", "name": "third_part_qq.png", "md5": "6c6952157e9db9d14735f441f9d31251"}, 
{"path": "client/res/Logon/", "name": "third_part_text.png", "md5": "c8e3b6ddad2df74cf650daeff96dc388"}, 
{"path": "client/res/Logon/", "name": "third_part_wechat.png", "md5": "b6be3396ae2e1fb35526bb874b5625a5"}, 
{"path": "client/res/Logon/", "name": "third_part_weibo.png", "md5": "ca81f7b5898463172aeac13609c9cfb3"}, 
{"path": "client/res/Logon/", "name": "thrid_part_wx_0.png", "md5": "1a4bede38e0925664f3df6e7c2fae4e3"}, 
{"path": "client/res/Logon/", "name": "thrid_part_wx_1.png", "md5": "6ec11f60f44fe5104fdca95c9f32a34b"}, 
{"path": "client/res/Logon/", "name": "thrid_part_wx_2.png", "md5": "6d292f8377632eaca0e509ef570ce3a4"}, 
{"path": "client/res/Logon/", "name": "visitor_button_0.png", "md5": "7aa68beef9a96e93ecf7d176ea6c9c2b"}, 
{"path": "client/res/Logon/", "name": "visitor_button_1.png", "md5": "42679db092f55f5dda6316adbb8df56e"}, 
{"path": "client/res/Logon/", "name": "visitor_button_2.png", "md5": "f39569db75989581e0fb46112a6d1d89"}, 
{"path": "client/res/modify/", "name": "modify.plist", "md5": "d18369ba12192be2d759bedbadbbc9df"}, 
{"path": "client/res/modify/", "name": "modify.png", "md5": "278a30da6957c5744347f08e1e7901ff"}, 
{"path": "client/res/modify/", "name": "ModifyPassLayer.csb", "md5": "5a608dbf84b71566ab4f0b79ac4ecb42"}, 
{"path": "client/res/Option/", "name": "bg_option.png", "md5": "5bfc59e65636e2eba5ca24d927c30729"}, 
{"path": "client/res/Option/", "name": "btn_lockmachine_0.png", "md5": "b65e785036c23a3305ac1ee9cbb9931f"}, 
{"path": "client/res/Option/", "name": "btn_lockmachine_1.png", "md5": "c487db89069d4f1f7e5f36a9a5635543"}, 
{"path": "client/res/Option/", "name": "btn_unlockmachine_0.png", "md5": "f6008932244a6929c376e19b728d2b2a"}, 
{"path": "client/res/Option/", "name": "btn_unlockmachine_1.png", "md5": "a6c4b9b4518c8ab775cbc3d25ef7c59f"}, 
{"path": "client/res/Option/", "name": "bt_option_change_0.png", "md5": "fd1bff205ec2a0d13a86b9aaf5545927"}, 
{"path": "client/res/Option/", "name": "bt_option_change_1.png", "md5": "8a2631c2d4a203d9de49dae0bc40b025"}, 
{"path": "client/res/Option/", "name": "bt_option_check_0.png", "md5": "84d584bb3624743a5d30e5b8e4cb44e4"}, 
{"path": "client/res/Option/", "name": "bt_option_check_1.png", "md5": "24a92e6342377ae3742872912379b463"}, 
{"path": "client/res/Option/", "name": "bt_option_commit_0.png", "md5": "6a5ec082958deaeb93af4d6698c95b57"}, 
{"path": "client/res/Option/", "name": "bt_option_commit_1.png", "md5": "a40dc3ea6fa0a62783c77f1962a13581"}, 
{"path": "client/res/Option/", "name": "bt_option_modify_0.png", "md5": "50d10b8854b81f6e944ef12e6145f6ee"}, 
{"path": "client/res/Option/", "name": "bt_option_modify_1.png", "md5": "ba5884949b734ff2baddbfd6d553e85f"}, 
{"path": "client/res/Option/", "name": "bt_option_switch_0.png", "md5": "e9e0823b5f9d80abf96782a7d39ca3d2"}, 
{"path": "client/res/Option/", "name": "bt_option_switch_1.png", "md5": "658e7d9438ee171ef08ca81a24f7e0a5"}, 
{"path": "client/res/Option/", "name": "frame_option_0.png", "md5": "3a012caed0fd05ab301f02466c26eaa0"}, 
{"path": "client/res/Option/", "name": "frame_option_1.png", "md5": "539f2cd2f71a5a748d3aceecd2cb2a14"}, 
{"path": "client/res/Option/", "name": "LockMachineLayer.csb", "md5": "1fcfd01d1c632ed9be456c9d22197d12"}, 
{"path": "client/res/Option/", "name": "sp_lockmachine_bankpw.png", "md5": "9cc8aa7bf0e4c1ae9e1f12b7dc0fc521"}, 
{"path": "client/res/Option/", "name": "sp_lockmachine_edit.png", "md5": "093733fa8dbaec402acc9a43eeebb4ac"}, 
{"path": "client/res/Option/", "name": "sp_lockmachine_tips.png", "md5": "442bcd32d10f1130cfd03b9a2795adea"}, 
{"path": "client/res/Option/", "name": "sp_lockmachine_title.png", "md5": "ea542686b91b92c2b560223b6331f216"}, 
{"path": "client/res/Option/", "name": "text_account.png", "md5": "27ad41180bf63c785a5cd8ef22b80105"}, 
{"path": "client/res/Option/", "name": "text_feedback.png", "md5": "7c14952fcb47dadfae46b81cb05a83a5"}, 
{"path": "client/res/Option/", "name": "text_music.png", "md5": "79ba1f73490538c5c7ee59aac4817232"}, 
{"path": "client/res/Option/", "name": "text_question.png", "md5": "98f7aab30b4ef20a16cb1e480ab05535"}, 
{"path": "client/res/Option/", "name": "text_sound.png", "md5": "645b929b03c011a64ec6e544abc673c5"}, 
{"path": "client/res/Option/", "name": "title_option.png", "md5": "4d8263bd3c93a6e3f4de08eaba9cfe61"}, 
{"path": "client/res/OrderRecord/", "name": "text_orderrecord_0.png", "md5": "9e7b75784e3f55bd47704916c98fa7e4"}, 
{"path": "client/res/OrderRecord/", "name": "text_orderrecord_1.png", "md5": "87176dd1ffe35c31628998dac6b76886"}, 
{"path": "client/res/OrderRecord/", "name": "text_orderrecord_2.png", "md5": "90cbf02070cd25cb51cf66063aace3a4"}, 
{"path": "client/res/OrderRecord/", "name": "text_orderrecord_3.png", "md5": "9b4bd1272a160bbd9980c7282bb88161"}, 
{"path": "client/res/OrderRecord/", "name": "text_orderrecord_4.png", "md5": "5fe01f58d2eb2bebca90d48dbc156ef8"}, 
{"path": "client/res/OrderRecord/", "name": "title_orderrecord.png", "md5": "8b90288b8f4eac62d7985e98ab47c36a"}, 
{"path": "client/res/plaza/", "name": "ad_pub_noshowtips.png", "md5": "12f02254f4d27de5cb9f217f9adb291f"}, 
{"path": "client/res/plaza/", "name": "ad_pub_switch_noshow_01.png", "md5": "9095c82bed8c0a2abe69fb74f4ac6565"}, 
{"path": "client/res/plaza/", "name": "ad_pub_switch_noshow_02.png", "md5": "b37e42b270c24a8d55d125cffeb1bbe5"}, 
{"path": "client/res/plaza/", "name": "altas_plazz_num.png", "md5": "80a63bb8fa1f4c16e64a9b80fa7c2d2c"}, 
{"path": "client/res/plaza/", "name": "atlas_level.png", "md5": "fe6014b097d5b50bb12faa4e52e8c6e1"}, 
{"path": "client/res/plaza/", "name": "atlas_trumpet_num.png", "md5": "a8e9906bf8485dcd5c3a0a728d738c2a"}, 
{"path": "client/res/plaza/", "name": "backgroud_plazz.jpg", "md5": "7a68d009e8a21d4df200ba741cf1b0c5"}, 
{"path": "client/res/plaza/", "name": "BoxAni.csb", "md5": "0239a355abc4164faa31d199d28f6eaf"}, 
{"path": "client/res/plaza/", "name": "ChargeAni.csb", "md5": "65f7bdaedcdff8be2efd0ff32432c687"}, 
{"path": "client/res/plaza/", "name": "CoinAni.csb", "md5": "3f26cfa3497bf28e7ff5c8de90b4a902"}, 
{"path": "client/res/plaza/", "name": "IntroduceLayer.csb", "md5": "0436417af475de4fa76362dbf7fe2337"}, 
{"path": "client/res/plaza/", "name": "plaza.plist", "md5": "c5d1e1b8a7f3f1d78bf79b9f59e877a3"}, 
{"path": "client/res/plaza/", "name": "plaza.png", "md5": "754ad24d35f377ab1ae7d5bde422f6b7"}, 
{"path": "client/res/plaza/", "name": "plaza_query_bg.png", "md5": "9a5964926bbddb1117bdeb629d0376f7"}, 
{"path": "client/res/plaza/", "name": "PlazzLayer.csb", "md5": "2a1bc1d86f53c6807f21c61adc307d8b"}, 
{"path": "client/res/plaza/", "name": "pub_plazanotice_bg.png", "md5": "1800bee5d1ac62fe9199ed08df7cad63"}, 
{"path": "client/res/plaza/", "name": "pub_plazanotice_close.png", "md5": "52bdeedfacdad58616bf2383aa5aadd3"}, 
{"path": "client/res/plaza/", "name": "StartBtnAni.csb", "md5": "6fe3d7a29d2792e7d49f2cf409f3a493"}, 
{"path": "client/res/plaza/", "name": "TrumpetSendLayer.csb", "md5": "d59251332d5476c93a68af8b1dfd7fbc"}, 
{"path": "client/res/plaza/", "name": "VoiceRecordLayer.csb", "md5": "806cf959f0ac166dfabbfdec0d819883"}, 
{"path": "client/res/plaza/", "name": "WebViewLayer.csb", "md5": "60cd4557658265e29e09fe2daf034510"}, 
{"path": "client/res/public/", "name": "badwords.txt", "md5": "d740771a681d49a73b198ac36320af5b"}, 
{"path": "client/res/public/", "name": "brow.plist", "md5": "282ef8e4093662e0ff1e90d2c2c3c47f"}, 
{"path": "client/res/public/", "name": "brow.png", "md5": "7d8b1c434531150501067b46bc76b018"}, 
{"path": "client/res/public/", "name": "chat_text.json", "md5": "a7ffac96f91c7f0e1852a1e615d19555"}, 
{"path": "client/res/public/", "name": "CommonWebView.csb", "md5": "dbea2796677b1aebb1bc0c0b0c17f484"}, 
{"path": "client/res/public/", "name": "GameChatLayer.csb", "md5": "096200f344caca5546d9dbf0fc94e98e"}, 
{"path": "client/res/public/", "name": "GamePopInfo.csb", "md5": "e11c2a53ab65b2cad01f5d327e3f2632"}, 
{"path": "client/res/public/", "name": "GamePopInfoNormal.csb", "md5": "4331b91f1f827e97e7bdc48f1ab20a5f"}, 
{"path": "client/res/public/", "name": "im_head.plist", "md5": "89f7ffe311af2ed929310ec381541d8b"}, 
{"path": "client/res/public/", "name": "im_head.png", "md5": "26d00130b3df2c7fa3e787a60eeb429c"}, 
{"path": "client/res/public/", "name": "im_head_frame.plist", "md5": "9314de2eea0b7d886664c7b0d6f52327"}, 
{"path": "client/res/public/", "name": "im_head_frame.png", "md5": "00fce585c52c7a2db30ff9461b59f268"}, 
{"path": "client/res/public/", "name": "PlazzPopInfo.csb", "md5": "90c7bd6f852e5934bc622541dec1deaf"}, 
{"path": "client/res/public/", "name": "PlazzPopInfoNormal.csb", "md5": "de94b8d01d7fe1bd810e61435c17cb0b"}, 
{"path": "client/res/public/", "name": "public.plist", "md5": "cb89c80f287f8b92da07bcdf4ebdb54f"}, 
{"path": "client/res/public/", "name": "public.png", "md5": "1af9c3832ce89face9ad6baf3b7734cc"}, 
{"path": "client/res/public/", "name": "TargetShareLayer.csb", "md5": "80f8a86df8f4ec240f194e5d08219f09"}, 
{"path": "client/res/Rank/", "name": "anniu3.png", "md5": "7d87a4e7a268d5874fc98af9360c9c79"}, 
{"path": "client/res/Rank/", "name": "anniu4.png", "md5": "f08729f033ab59ab7c3611dc8d7ea268"}, 
{"path": "client/res/Rank/", "name": "biaoti1.png", "md5": "17374d7f6e47ac31bdfedd9015c90dd6"}, 
{"path": "client/res/Rank/", "name": "biaoti2.png", "md5": "9816b3e8a7de9569c09f5661ad367972"}, 
{"path": "client/res/Rank/", "name": "biaoti3.png", "md5": "884cd54922c2b23df4c742a84009deb6"}, 
{"path": "client/res/Rank/", "name": "biaoti4.png", "md5": "ac1654a0e2a7631e5d128778d436921f"}, 
{"path": "client/res/Rank/", "name": "dikuang4.png", "md5": "89bc214430c8dd951ab85e2dd5432aac"}, 
{"path": "client/res/Rank/", "name": "dikuang5.png", "md5": "3d48b4e8604420bdae391f339976eed1"}, 
{"path": "client/res/Rank/", "name": "dikuang6.png", "md5": "ed5fd608de5a219d4c13abece1c067c6"}, 
{"path": "client/res/Rank/", "name": "dikuang7.png", "md5": "5ce296c969f8bf92141971ad2a1fa5e8"}, 
{"path": "client/res/Rank/", "name": "shuzi1.png", "md5": "fe6014b097d5b50bb12faa4e52e8c6e1"}, 
{"path": "client/res/Rank/", "name": "shuzi2.png", "md5": "a41eb7f810b15249bb222e03167059b0"}, 
{"path": "client/res/Rank/", "name": "shuzi3.png", "md5": "a8e9906bf8485dcd5c3a0a728d738c2a"}, 
{"path": "client/res/Rank/", "name": "shuzi4.png", "md5": "dad1ab03413aae1a1a5f9c23c87c4c5b"}, 
{"path": "client/res/Rank/", "name": "tubiao1.png", "md5": "3f2be4dfed3f397495165846e2988b36"}, 
{"path": "client/res/Rank/", "name": "tubiao2.png", "md5": "d35137ea37a5ca46e559ff58145f2c00"}, 
{"path": "client/res/Rank/", "name": "tubiao3.png", "md5": "1c3023e8c8cfbc24d205b1c37e654e2a"}, 
{"path": "client/res/Rank/", "name": "tubiao4.png", "md5": "1c36c24e30c0929db96605afb42f376b"}, 
{"path": "client/res/Rank/", "name": "tubiao5.png", "md5": "d553061169764697ce3f079dcb4a405d"}, 
{"path": "client/res/Rank/", "name": "tubiao6.png", "md5": "ea708dfdf24e68b6a09a3a049ac7e2db"}, 
{"path": "client/res/Rank/", "name": "tubiao7.png", "md5": "427555047c2f6cad5be65ba2d7bd4d96"}, 
{"path": "client/res/Rank/", "name": "tubiao8.png", "md5": "a0158270604a659a4db68e0595431907"}, 
{"path": "client/res/Rank/", "name": "tubiao9.png", "md5": "7af1c1f49136aae8fd0ad5921f984ae5"}, 
{"path": "client/res/Regist/", "name": "bt_cancel_0.png", "md5": "afe1ac587c9a754fc7b10ccf2c946197"}, 
{"path": "client/res/Regist/", "name": "bt_cancel_1.png", "md5": "bf0daed7fbe783673220a90f982c3ea5"}, 
{"path": "client/res/Regist/", "name": "bt_cancel_regist_0.png", "md5": "9ea10d02225467c644fe848b94ddf45f"}, 
{"path": "client/res/Regist/", "name": "bt_regist_0.png", "md5": "4ace306dc462e720f0ba89cc18e21b16"}, 
{"path": "client/res/Regist/", "name": "bt_regist_1.png", "md5": "03f9947c766134715409ee37c54b44b6"}, 
{"path": "client/res/Regist/", "name": "bt_regist_agreement.png", "md5": "fe2ebfeb8d4af259bdb4a5dc192def5f"}, 
{"path": "client/res/Regist/", "name": "choose_regist_0.png", "md5": "6c2b2f06a20331212b2058f938608c4a"}, 
{"path": "client/res/Regist/", "name": "choose_regist_1.png", "md5": "6b82b08bca0c0cd15f5bb0064548561f"}, 
{"path": "client/res/Regist/", "name": "icon_regist_tip.png", "md5": "2275fa30e5e1859228b74af58d3a309e"}, 
{"path": "client/res/Regist/", "name": "text_field_regist.png", "md5": "b192c6783ad255fd520731d7a6e43234"}, 
{"path": "client/res/Regist/", "name": "text_regist_account.png", "md5": "2906969482acb6ddad2f527f518501fa"}, 
{"path": "client/res/Regist/", "name": "text_regist_confirm.png", "md5": "608d64d26e8e6d03be50b12052f3b9d0"}, 
{"path": "client/res/Regist/", "name": "text_regist_password.png", "md5": "d4b687033f8064e1f9b30288cd6a15e3"}, 
{"path": "client/res/Regist/", "name": "text_regist_tuiguang.png", "md5": "bc298ecc591f498682385b086470ca03"}, 
{"path": "client/res/Regist/", "name": "title_regist.png", "md5": "71ece6fdeef40402f6e8c0795cc32d37"}, 
{"path": "client/res/Room/", "name": "bg_chair.png", "md5": "05f0f4894af8c29aecb7d33905dcfb3b"}, 
{"path": "client/res/Room/", "name": "bg_table.png", "md5": "c4d1902063a3d0a6e568e3afb7a49069"}, 
{"path": "client/res/Room/", "name": "bg_tablenum.png", "md5": "d70702a676fc6d22b015fadaf89b4daf"}, 
{"path": "client/res/Room/", "name": "bt_lock_0.png", "md5": "da3da5364e55db911f4d4bff686ccdc9"}, 
{"path": "client/res/Room/", "name": "bt_lock_1.png", "md5": "a92beb18954d39ce9695f99bef7382db"}, 
{"path": "client/res/Room/", "name": "chair_empty.png", "md5": "cd82ab2d88659ee858d3b49df3d53b01"}, 
{"path": "client/res/Room/", "name": "flag_playstatus.png", "md5": "b240d7024c9d3e2eea7d295cbe910029"}, 
{"path": "client/res/Room/", "name": "flag_tablenum.png", "md5": "a2a61d32152d9acb64f72fe284198911"}, 
{"path": "client/res/Room/", "name": "flag_waitstatus.png", "md5": "12ad70fe723b6db2907e64b20fd71a5b"}, 
{"path": "client/res/Room/", "name": "head_mask.png", "md5": "1d2ba49a409eeb52188486c58031dbd6"}, 
{"path": "client/res/Room/", "name": "num_tableid.png", "md5": "ec8f77c8f69cf1ba8e2f5f0fc6d1de52"}, 
{"path": "client/res/Room/", "name": "plazz_sp_locker.png", "md5": "02d495fa7887b1dc3b8a58f26e20f579"}, 
{"path": "client/res/RoomList/", "name": "icon_roomlist_frame.png", "md5": "80331586663bec7106d734a3df52f7d8"}, 
{"path": "client/res/RoomList/", "name": "icon_roomlist_frame_8.png", "md5": "581edf27c0818edb437add1ed7b4f1e7"}, 
{"path": "client/res/RoomList/", "name": "num_roomlist_cellscore.png", "md5": "88db0eddc4b70bccf91e8ccfb6cb8108"}, 
{"path": "client/res/RoomList/", "name": "sp_pwedit_bg.png", "md5": "e9ddcedf6728ae314d341dae85295930"}, 
{"path": "client/res/RoomList/", "name": "sp_pwroom_title.png", "md5": "0edbf6b9ac9752f28671c33801115b94"}, 
{"path": "client/res/RoomList/", "name": "sp_pwtitle_room.png", "md5": "7ffea334d21e71bcb00322e477a124a1"}, 
{"path": "client/res/RoomList/", "name": "text_roomlist_cellscore.png", "md5": "2ddc75ed66390b5502d4359950be83b2"}, 
{"path": "client/res/RoomList/", "name": "title_icon_1.png", "md5": "959f4c5bc26356197c25db65fbd3baef"}, 
{"path": "client/res/RoomList/", "name": "title_icon_10.png", "md5": "99722a5bbb130b1c85153caa1d6c96aa"}, 
{"path": "client/res/RoomList/", "name": "title_icon_2.png", "md5": "4994bf6bf94d86f1dd2fb5896f85e5d1"}, 
{"path": "client/res/RoomList/", "name": "title_icon_3.png", "md5": "9ddfe083a3dae3a03e34f791784963fa"}, 
{"path": "client/res/RoomList/", "name": "title_icon_4.png", "md5": "de8f6f88be3cbe9aa1f9bb89013f87fa"}, 
{"path": "client/res/RoomList/", "name": "title_icon_5.png", "md5": "630262b5bb9927d2d0a26f2e2b7d563e"}, 
{"path": "client/res/RoomList/", "name": "title_icon_6.png", "md5": "d5a108bba87c698c33fd6635e401ef07"}, 
{"path": "client/res/RoomList/", "name": "title_icon_7.png", "md5": "07568739d31cf255f5bc2c5820f1b183"}, 
{"path": "client/res/RoomList/", "name": "title_icon_9.png", "md5": "b67e0ec0d6bbc3c2ff1c7b0bbb8b7814"}, 
{"path": "client/res/Service/", "name": "bt_service_cancel_0.png", "md5": "4c8d6688c2d495252d610fc742eca1b3"}, 
{"path": "client/res/Service/", "name": "bt_service_cancel_1.png", "md5": "c24e40a27cd819ad6e9d31279d357ded"}, 
{"path": "client/res/Service/", "name": "bt_service_confirm_0.png", "md5": "3ddc613f505e3327f304814ffc610521"}, 
{"path": "client/res/Service/", "name": "bt_service_confirm_1.png", "md5": "02a2a91e31b18a7d1eeb67b57b843ee2"}, 
{"path": "client/res/Service/", "name": "Service.txt", "md5": "50c96d9a4a794283010bb29251617cae"}, 
{"path": "client/res/Service/", "name": "title_service.png", "md5": "167c6ceb0ef4870939b7fca401d458ce"}, 
{"path": "client/res/Shop/", "name": "bt_confirm_1_0.png", "md5": "5975100821a830bdc565e97f5bbd63b4"}, 
{"path": "client/res/Shop/", "name": "bt_confirm_1_1.png", "md5": "08833ec15a05549da99bd310c90be16e"}, 
{"path": "client/res/Shop/", "name": "bt_shop_0_0.png", "md5": "eff626e61f8bcccfcbbeb7c0b4d1af1d"}, 
{"path": "client/res/Shop/", "name": "bt_shop_0_1.png", "md5": "4d2c2bb4ebf32eec9a74bd5c608d0c29"}, 
{"path": "client/res/Shop/", "name": "bt_shop_1_0.png", "md5": "8d64d338557ad2c2b2e4762f685c7910"}, 
{"path": "client/res/Shop/", "name": "bt_shop_1_1.png", "md5": "fddf38728feae2a5a480a776e498873d"}, 
{"path": "client/res/Shop/", "name": "bt_shop_2_0.png", "md5": "4c2bc587ee283331fc8ccf3b23ca5d8e"}, 
{"path": "client/res/Shop/", "name": "bt_shop_2_1.png", "md5": "9971584c54cab24c6277140aff3e2637"}, 
{"path": "client/res/Shop/", "name": "bt_shop_3_0.png", "md5": "82017580fc5d464bc2a77677872ccfeb"}, 
{"path": "client/res/Shop/", "name": "bt_shop_3_1.png", "md5": "c5261765e6af38f20672ffc036e4fbf1"}, 
{"path": "client/res/Shop/", "name": "bt_shop_4_0.png", "md5": "4f152a1dad685d6e2efb81d620073462"}, 
{"path": "client/res/Shop/", "name": "bt_shop_4_1.png", "md5": "cfefc78a361fbed41c8e75f160122a60"}, 
{"path": "client/res/Shop/", "name": "bt_shop_confirm_0_0.png", "md5": "2c1e215cefb52346196a5941e82b0fca"}, 
{"path": "client/res/Shop/", "name": "bt_shop_confirm_0_1.png", "md5": "ba7c62fd5e8f50f75fb8a2491a586c64"}, 
{"path": "client/res/Shop/", "name": "bt_shop_exchange_0.png", "md5": "c82550c9a38da815eb88c5dcc98d0da1"}, 
{"path": "client/res/Shop/", "name": "bt_shop_exchange_1.png", "md5": "4752e4d867851c22cf0661e128906026"}, 
{"path": "client/res/Shop/", "name": "bt_shop_list.png", "md5": "dda7b1621c8f81e5f1e56d2ab13be7ff"}, 
{"path": "client/res/Shop/Detail/", "name": "btn_buy_0.png", "md5": "45fd466e1d0bdd2b183e0f1faa530134"}, 
{"path": "client/res/Shop/Detail/", "name": "btn_buy_1.png", "md5": "0039f9e088de11466199d45b0e4786f9"}, 
{"path": "client/res/Shop/Detail/", "name": "btn_exchange_0.png", "md5": "7381ffe3a611eb2cb8e68208b1400fe5"}, 
{"path": "client/res/Shop/Detail/", "name": "btn_exchange_1.png", "md5": "a842db73bec2ab10d54eefd36fafe0a2"}, 
{"path": "client/res/Shop/Detail/", "name": "bt_detail_0_0.png", "md5": "2742a473137c034949f9be39728a0ef4"}, 
{"path": "client/res/Shop/Detail/", "name": "bt_detail_0_1.png", "md5": "128f5094ca081f0e349e9f3ee04e6a0c"}, 
{"path": "client/res/Shop/Detail/", "name": "bt_detail_1_0.png", "md5": "f42e81a46c7018e690569f49967701f2"}, 
{"path": "client/res/Shop/Detail/", "name": "bt_detail_1_1.png", "md5": "c38127fe55d28861a27a9a875a410e86"}, 
{"path": "client/res/Shop/Detail/", "name": "bt_detail_add.png", "md5": "968d7fc7a28c3158bc805fe3d8d18920"}, 
{"path": "client/res/Shop/Detail/", "name": "bt_detail_min.png", "md5": "ad4724e8e456a4da4d2204f6cd89cb1f"}, 
{"path": "client/res/Shop/Detail/", "name": "cbt_detail_0.png", "md5": "013e4d52b34af3e8e322e4d48200a7a4"}, 
{"path": "client/res/Shop/Detail/", "name": "cbt_detail_1.png", "md5": "e7c1188a1de24c38d44a3ddbf0995328"}, 
{"path": "client/res/Shop/Detail/", "name": "frame_detail_0.png", "md5": "7acb53faf573f78aedfd6bee290f240b"}, 
{"path": "client/res/Shop/Detail/", "name": "frame_detail_1.png", "md5": "63aa6f38e70e2c65af5e625dc193e71f"}, 
{"path": "client/res/Shop/Detail/", "name": "frame_detail_2.png", "md5": "94a974ce437679861b8319184046d609"}, 
{"path": "client/res/Shop/Detail/", "name": "num_detail_0.png", "md5": "7b1b342495d3bd154a550afd8f659ba4"}, 
{"path": "client/res/Shop/Detail/", "name": "RoomCardShopLayer.csb", "md5": "858cc1a3ca6203f0857a9437f343ea65"}, 
{"path": "client/res/Shop/Detail/", "name": "text_detail_0.png", "md5": "56edf7cdc4e5cd9d4ae908362f58e24d"}, 
{"path": "client/res/Shop/Detail/", "name": "text_detail_1.png", "md5": "2e3a88f70545157c6748571a3b858667"}, 
{"path": "client/res/Shop/Detail/", "name": "text_detail_2.png", "md5": "bccc3a38bfffce6d6a2434f99950f9ea"}, 
{"path": "client/res/Shop/Detail/", "name": "text_detail_3.png", "md5": "5f1f57440595fa0d3a7c26992ecf098a"}, 
{"path": "client/res/Shop/Detail/", "name": "text_detail_4.png", "md5": "3980fc95662a6f2c1b1d2f33a9cb3093"}, 
{"path": "client/res/Shop/Detail/", "name": "text_detail_5_0.png", "md5": "0cf650b019e0f77616f8bd02e6770338"}, 
{"path": "client/res/Shop/Detail/", "name": "text_detail_5_1.png", "md5": "70953766c5540e947340e167e4499ec0"}, 
{"path": "client/res/Shop/Detail/", "name": "text_detail_5_2.png", "md5": "522d9f9fcea05bf6b845cbef40178c10"}, 
{"path": "client/res/Shop/Detail/", "name": "text_detail_5_3.png", "md5": "5bdede961d911f0f7adc81a765984728"}, 
{"path": "client/res/Shop/Detail/", "name": "text_detail_6_0.png", "md5": "aa3e4c608e48982872c4c8efc075b7a9"}, 
{"path": "client/res/Shop/Detail/", "name": "text_detail_6_1.png", "md5": "d61ea5135963bb1a984bc9875ee8fb79"}, 
{"path": "client/res/Shop/Detail/", "name": "text_detail_6_2.png", "md5": "5b388f95d9ada097272c137e2ee0a256"}, 
{"path": "client/res/Shop/Detail/", "name": "text_detail_6_3.png", "md5": "10edd696e21682fc6dc512edd0c3797e"}, 
{"path": "client/res/Shop/Detail/", "name": "text_detail_7_0.png", "md5": "eeffb01068bc3cadaeee71c9f950bfb2"}, 
{"path": "client/res/Shop/Detail/", "name": "text_detail_7_1.png", "md5": "f09a263ab2b9b423e5b97516e23ec376"}, 
{"path": "client/res/Shop/Detail/", "name": "text_detail_7_2.png", "md5": "91fd592a64b007c4b23051b1b8eea26e"}, 
{"path": "client/res/Shop/Detail/", "name": "text_detail_7_3.png", "md5": "5648a1be3ed7a342fed13c40806ddda2"}, 
{"path": "client/res/Shop/Detail/", "name": "text_shopdetail_coin.png", "md5": "1d5686794e96d37a6ce4d537ba5fcf16"}, 
{"path": "client/res/Shop/Detail/", "name": "text_shopdetail_roomcard.png", "md5": "1b35dbf8c79581a24b57f62572494b40"}, 
{"path": "client/res/Shop/", "name": "frame_shop_0.png", "md5": "314eab82095b763a285d6c6fcebbd267"}, 
{"path": "client/res/Shop/", "name": "frame_shop_10.png", "md5": "92d61810b12c625da844e433f2a67ee9"}, 
{"path": "client/res/Shop/", "name": "frame_shop_11.png", "md5": "49ee886f151c2c658fff4999ff30553a"}, 
{"path": "client/res/Shop/", "name": "frame_shop_2.png", "md5": "470727ce4917db3662ef5c1f60b6e143"}, 
{"path": "client/res/Shop/", "name": "frame_shop_3.png", "md5": "bcfbbd17506dd38ef55be5c00f61876b"}, 
{"path": "client/res/Shop/", "name": "frame_shop_4.png", "md5": "cc10d72629dbec282703e1dcef78d14b"}, 
{"path": "client/res/Shop/", "name": "frame_shop_5.png", "md5": "bbba9748a00283cb2ff40879fd6fbbc1"}, 
{"path": "client/res/Shop/", "name": "frame_shop_6.png", "md5": "955b6db03e620c1626c9455693335449"}, 
{"path": "client/res/Shop/", "name": "frame_shop_7.png", "md5": "27bf3dd731b99815a2f47ba523adf2dd"}, 
{"path": "client/res/Shop/", "name": "frame_shop_8.png", "md5": "29bcf2532481f69c76541f783c4f7562"}, 
{"path": "client/res/Shop/", "name": "frame_shop_9.png", "md5": "94a974ce437679861b8319184046d609"}, 
{"path": "client/res/Shop/", "name": "icon_shop_0.png", "md5": "6aafec88f7241be7a35ec5d081d34d45"}, 
{"path": "client/res/Shop/", "name": "icon_shop_1.png", "md5": "b89d24250d75c262f2445d739ccac5dd"}, 
{"path": "client/res/Shop/", "name": "icon_shop_14.png", "md5": "4fc70a60fbd8991c8bdb7d991256e268"}, 
{"path": "client/res/Shop/", "name": "icon_shop_15.png", "md5": "d060acad45d40b69c80486de305e07ee"}, 
{"path": "client/res/Shop/", "name": "icon_shop_2.png", "md5": "4a5fb4a10cd266a076a4e80e26a42053"}, 
{"path": "client/res/Shop/", "name": "icon_shop_4.png", "md5": "8a3992ed4a98269f4237b8ede8876ddd"}, 
{"path": "client/res/Shop/", "name": "icon_shop_5.png", "md5": "80252b159807a804fcff41259393479b"}, 
{"path": "client/res/Shop/", "name": "icon_star_sp.png", "md5": "e380f9143cad3c88d4a1b8649e284668"}, 
{"path": "client/res/Shop/", "name": "JunFuTongPay.csb", "md5": "e772392ecc5a667214b6fcf03d9459c1"}, 
{"path": "client/res/Shop/", "name": "num_shop_0.png", "md5": "463b00f55e17ebf43f24f0e4a9bc2b1b"}, 
{"path": "client/res/Shop/", "name": "num_shop_1.png", "md5": "23727bf4c177be6b6e31f98f58974c75"}, 
{"path": "client/res/Shop/", "name": "num_shop_2.png", "md5": "90f27b3df1dd1490e406a4fab4bce999"}, 
{"path": "client/res/Shop/", "name": "num_shop_3.png", "md5": "2462d7ae0cd372a239c77fe0354ab671"}, 
{"path": "client/res/Shop/", "name": "num_shop_4.png", "md5": "fb851f0ce3cb8a69a7c28bc09c2714b5"}, 
{"path": "client/res/Shop/", "name": "num_shop_5.png", "md5": "03f6cf05c3960c7845fdfcb7e3323060"}, 
{"path": "client/res/Shop/", "name": "Shop.plist", "md5": "a4c74c57a23e44f91445bb00a15585b4"}, 
{"path": "client/res/Shop/", "name": "Shop.png", "md5": "a8b51dc133fdfde96006cb90ec1b1536"}, 
{"path": "client/res/Shop/", "name": "ShopPayLayer.csb", "md5": "cf5646282bdcaf0a5d64708822da7be2"}, 
{"path": "client/res/Shop/", "name": "shop_firstpay_sp.png", "md5": "79e3e92eb59d9fb1a467c71412966b1b"}, 
{"path": "client/res/Shop/", "name": "sign_shop_0.png", "md5": "ca82cab2d0a18a9580ea026b289a52d5"}, 
{"path": "client/res/Shop/", "name": "sign_shop_1.png", "md5": "fa46df7813e75ab734211928933d32b7"}, 
{"path": "client/res/Shop/", "name": "sign_shop_2.png", "md5": "b65abdb795b5ca51ed0bd6f2f5b3229e"}, 
{"path": "client/res/Shop/", "name": "sign_shop_4.png", "md5": "d374cde10d5f2d7dc84be76e0f8a1352"}, 
{"path": "client/res/Shop/", "name": "text_shop_0.png", "md5": "5e3c5e2e59a29af424c7a999f266bf99"}, 
{"path": "client/res/Shop/", "name": "text_shop_1.png", "md5": "9cee10c05df4c0facf0a695245f579b7"}, 
{"path": "client/res/Shop/", "name": "text_shop_10.png", "md5": "0b6538d75ede1ada39b594e29924b3c7"}, 
{"path": "client/res/Shop/", "name": "text_shop_11.png", "md5": "0f4b2bb747d85626a3d307cfc04595ec"}, 
{"path": "client/res/Shop/", "name": "text_shop_12.png", "md5": "a7dd2b86d330f88f26f01bdec075167e"}, 
{"path": "client/res/Shop/", "name": "text_shop_13.png", "md5": "cb831064436ff798685c43a734f3cd7b"}, 
{"path": "client/res/Shop/", "name": "text_shop_14.png", "md5": "8475763bc9fde6e95c42bf579fd2ea1c"}, 
{"path": "client/res/Shop/", "name": "text_shop_15.png", "md5": "350ff025341b6e66e45c40c82a7a3b90"}, 
{"path": "client/res/Shop/", "name": "text_shop_16.png", "md5": "9f4ace12133bf569aa363040c5331b4b"}, 
{"path": "client/res/Shop/", "name": "text_shop_17.png", "md5": "47f2c880e73528e9d63c4ebbc4f5380b"}, 
{"path": "client/res/Shop/", "name": "text_shop_18.png", "md5": "c833572d16be39909a98bdc9824885fd"}, 
{"path": "client/res/Shop/", "name": "text_shop_2.png", "md5": "029568741efb22e74efc9d54fc0bae72"}, 
{"path": "client/res/Shop/", "name": "text_shop_4.png", "md5": "d7bd5a66b8dd3e696ac242d10241d78f"}, 
{"path": "client/res/Shop/", "name": "text_shop_5.png", "md5": "b77046b116352850075af72e6c47691f"}, 
{"path": "client/res/Shop/", "name": "text_shop_6.png", "md5": "26905388da97b3b646d3901a079a4fff"}, 
{"path": "client/res/Shop/", "name": "text_shop_7.png", "md5": "cc7355f965f7e65ea4ed88c735d3411a"}, 
{"path": "client/res/Shop/", "name": "text_shop_8.png", "md5": "7fd629b1c401dd62c05eafb623acb406"}, 
{"path": "client/res/Shop/", "name": "text_shop_9.png", "md5": "fdaff3bc24ac8496159aa853f4c2222f"}, 
{"path": "client/res/Shop/", "name": "tip_property_301.png", "md5": "369eec499249e2ea2eb47bd40bdc93fc"}, 
{"path": "client/res/Shop/", "name": "tip_property_302.png", "md5": "aaf5de243a35b8012b3b163d67deaff4"}, 
{"path": "client/res/Shop/", "name": "tip_property_303.png", "md5": "df3dff18e7d6e2be96097f854d156e47"}, 
{"path": "client/res/Shop/", "name": "tip_property_304.png", "md5": "b0e7ce1c7fa78f61d653c8a88baed3c2"}, 
{"path": "client/res/Shop/", "name": "tip_property_305.png", "md5": "7d0e06491ee2b6017fb2322b22b35913"}, 
{"path": "client/res/Shop/", "name": "title_property_101.png", "md5": "0be660c66242bffb55e94ef92c38a11f"}, 
{"path": "client/res/Shop/", "name": "title_property_102.png", "md5": "d6b00a2282e5c3cf710f23a53ad9efad"}, 
{"path": "client/res/Shop/", "name": "title_property_103.png", "md5": "01ed20073afd4a5ab9f47a6c8b456156"}, 
{"path": "client/res/Shop/", "name": "title_property_104.png", "md5": "59ae8fed11103024aa829c5dc895a1d2"}, 
{"path": "client/res/Shop/", "name": "title_property_105.png", "md5": "351680f1f4e4da7d2498fec056534810"}, 
{"path": "client/res/Shop/", "name": "title_property_201.png", "md5": "bafa9ba6f9460c0d652cff73959722f6"}, 
{"path": "client/res/Shop/", "name": "title_property_202.png", "md5": "7ca8d9752f693c222b5c38d92fd0bd3a"}, 
{"path": "client/res/Shop/", "name": "title_property_203.png", "md5": "a25ca8d00990eebb955664739cbf43cb"}, 
{"path": "client/res/Shop/", "name": "title_property_204.png", "md5": "e6c9fb0ad9005d2ce45edbc1abff11b2"}, 
{"path": "client/res/Shop/", "name": "title_property_205.png", "md5": "2ac8be07d265b4ecae96ccd7cdebdf06"}, 
{"path": "client/res/Shop/", "name": "title_property_206.png", "md5": "3abeada453a540ce6de48733f737217b"}, 
{"path": "client/res/Shop/", "name": "title_property_207.png", "md5": "63e894bd589d03c48777c8ef4f30cdd0"}, 
{"path": "client/res/Shop/", "name": "title_property_208.png", "md5": "0f1b45da67a843a949d9e30a6b197bd2"}, 
{"path": "client/res/Shop/", "name": "title_property_209.png", "md5": "eb7781935d7bbabe7be4db62b0921c2b"}, 
{"path": "client/res/Shop/", "name": "title_property_210.png", "md5": "4887abe940c4ed3a13db4a56d728b493"}, 
{"path": "client/res/Shop/", "name": "title_property_211.png", "md5": "11f30af4ca87104a3a6c2a2ce782ad5e"}, 
{"path": "client/res/Shop/", "name": "title_property_212.png", "md5": "959b88ecc5b9df0a9ff373da06590e75"}, 
{"path": "client/res/Shop/", "name": "title_property_301.png", "md5": "4e030a8ebb425b726471cc71e28aba01"}, 
{"path": "client/res/Shop/", "name": "title_property_302.png", "md5": "9aec226305dbb174084a40bc13861d77"}, 
{"path": "client/res/Shop/", "name": "title_property_303.png", "md5": "44770ea932328573794e26aba0dde6e9"}, 
{"path": "client/res/Shop/", "name": "title_property_304.png", "md5": "9763714e1afa133b0646d3f47a2c44f5"}, 
{"path": "client/res/Shop/", "name": "title_property_305.png", "md5": "db0703583fe2235dd357bc526abeccf5"}, 
{"path": "client/res/Shop/", "name": "title_property_306.png", "md5": "fdb5cad1a85695cf2a52d352b1cf6653"}, 
{"path": "client/res/Shop/", "name": "title_property_307.png", "md5": "98d8e056fa125e7ea943fe78da07199b"}, 
{"path": "client/res/Shop/", "name": "title_property_308.png", "md5": "99edbfe22ba1ee1451b5d18f17ae78dc"}, 
{"path": "client/res/Shop/", "name": "title_property_309.png", "md5": "4399b421c9067f47437fac0523223925"}, 
{"path": "client/res/Shop/", "name": "title_property_game_score.png", "md5": "5e3c5e2e59a29af424c7a999f266bf99"}, 
{"path": "client/res/Shop/", "name": "title_property_room_card.png", "md5": "bf0d1bcfcb6ee800e05df2343de34b15"}, 
{"path": "client/res/sound/", "name": "0_0.wav", "md5": "3b0951ea6aa3b54f865e5125d3954f55"}, 
{"path": "client/res/sound/", "name": "0_1.wav", "md5": "6630309933c5fc71afbf92e2930d91b1"}, 
{"path": "client/res/sound/", "name": "0_2.wav", "md5": "bfbbd97355dd3ec97093b5fa00f0ae38"}, 
{"path": "client/res/sound/", "name": "0_3.wav", "md5": "91b1f2bee86fc0d8070e9571107efb48"}, 
{"path": "client/res/sound/", "name": "0_4.wav", "md5": "936dc7ce5224e3d469913fc45bddd9fb"}, 
{"path": "client/res/sound/", "name": "0_5.wav", "md5": "9e27bce5f65185aa2974fbab8ba2d58b"}, 
{"path": "client/res/sound/", "name": "0_6.wav", "md5": "42e791c03da8bd264bd406b6426370f4"}, 
{"path": "client/res/sound/", "name": "0_7.wav", "md5": "76f47c0a3fd3e846af6bc29781f977af"}, 
{"path": "client/res/sound/", "name": "0_8.wav", "md5": "04277bcc735f903df24f17b194f5b71f"}, 
{"path": "client/res/sound/", "name": "0_9.wav", "md5": "e64e54ef2cc71a335e945a1c60e11ef1"}, 
{"path": "client/res/sound/", "name": "1_0.wav", "md5": "8c744a5ab42b849ba5556e45e17fef89"}, 
{"path": "client/res/sound/", "name": "1_1.wav", "md5": "67049b6068012386ad7d76130ac3b52a"}, 
{"path": "client/res/sound/", "name": "1_2.wav", "md5": "6369545588dd567c0f9d44ad7f5c7d8a"}, 
{"path": "client/res/sound/", "name": "1_3.wav", "md5": "1cd12429dc3c9af4d36e92c0afaf3a1d"}, 
{"path": "client/res/sound/", "name": "1_4.wav", "md5": "c03598cd5be022cc39f999196d8b149c"}, 
{"path": "client/res/sound/", "name": "1_5.wav", "md5": "a10790361563c8b2c6e7e830772094b6"}, 
{"path": "client/res/sound/", "name": "1_6.wav", "md5": "d36693d9a9d9e7bf3c52b7386dd27811"}, 
{"path": "client/res/sound/", "name": "1_7.wav", "md5": "f598422c51fa7d9c3d2beca66419fa52"}, 
{"path": "client/res/sound/", "name": "1_8.wav", "md5": "751590df8d54e123f8cc3afac839c1f5"}, 
{"path": "client/res/sound/", "name": "1_9.wav", "md5": "471328f91c334b445bfa05448d59f680"}, 
{"path": "client/res/sound/", "name": "backgroud01.mp3", "md5": "d86ad71f8b63893867da950ecc169a03"}, 
{"path": "client/res/sound/", "name": "Click.wav", "md5": "ced92613990690a81051a46c43a69659"}, 
{"path": "client/res/table/", "name": "atlas_count.png", "md5": "e02f73bdd7ffe25b468c2f9aebcfe980"}, 
{"path": "client/res/table/", "name": "atlas_res.png", "md5": "0f02ff3e0adad3f8680c3cf8fdd46313"}, 
{"path": "client/res/table/", "name": "table.plist", "md5": "0b2e4be98390d2b1359e4ecc4bc3c17f"}, 
{"path": "client/res/table/", "name": "table.png", "md5": "eff186bebd611f3337a7917873179648"}, 
{"path": "client/res/table/", "name": "TableLayer.csb", "md5": "6df01a51018d53382b89c3ec97bc1b52"}, 
{"path": "client/res/table/", "name": "tab_atlas_num3.png", "md5": "804649547990de125b4738de79a62875"}, 
{"path": "client/res/table/", "name": "tab_atlas_num4.png", "md5": "a65d822874c07b46c18ff014fb04b75d"}, 
{"path": "client/res/table/", "name": "tab_atlas_num5.png", "md5": "2e395f7dc8a7373ab46e5dadfaa6bbbe"}, 
{"path": "client/res/table/", "name": "tab_atlas_num6.png", "md5": "40bf08c844c04dd4780d770537cbcea1"}, 
{"path": "client/res/table/", "name": "tab_atlas_num7.png", "md5": "cf3b8cf62d2ac9cbe2b8c12b5e9cabbe"}, 
{"path": "client/res/table/", "name": "tab_atlas_num8.png", "md5": "e43443b9fa4b9c7608a0ce48350a43c4"}, 
{"path": "client/res/Task/", "name": "bt_task_fail_0.png", "md5": "1a22054847844fe460fa44f843917457"}, 
{"path": "client/res/Task/", "name": "bt_task_giveup_0.png", "md5": "15e63ce9ce92db49c7716f5dee32861d"}, 
{"path": "client/res/Task/", "name": "bt_task_giveup_1.png", "md5": "9198671859f227057883e92feb69f4aa"}, 
{"path": "client/res/Task/", "name": "bt_task_reward_0.png", "md5": "da736b42d031320a51609fca6ad89357"}, 
{"path": "client/res/Task/", "name": "bt_task_reward_1.png", "md5": "d55a5b86f33ae038d92188d60fb6122b"}, 
{"path": "client/res/Task/", "name": "bt_task_take_0.png", "md5": "2f91737450cf659f95065f47fc012dd4"}, 
{"path": "client/res/Task/", "name": "bt_task_take_1.png", "md5": "7f6df2f8c7d0f2c1c39e9685937bdcff"}, 
{"path": "client/res/Task/", "name": "frame_task_2.png", "md5": "f94f25627a82745c155993e7d52a69c2"}, 
{"path": "client/res/Task/", "name": "frame_task_3.png", "md5": "508e7ba6a16920838ed3410f5da02fed"}, 
{"path": "client/res/Task/", "name": "frame_task_4.png", "md5": "d8933120f787cf3b64f08fa67d5aec7c"}, 
{"path": "client/res/Task/", "name": "frame_task_5.png", "md5": "10a1097c49e44520761d74c2e63b3784"}, 
{"path": "client/res/Task/", "name": "frame_task_progress_0.png", "md5": "2d11a0f924ef85e0e490ba1c03c49c18"}, 
{"path": "client/res/Task/", "name": "frame_task_progress_1.png", "md5": "8c74ce3c0a8feb8b7da967829c259dca"}, 
{"path": "client/res/Task/", "name": "frame_task_top.png", "md5": "314eab82095b763a285d6c6fcebbd267"}, 
{"path": "client/res/Task/", "name": "icon_task_0.png", "md5": "faa73d4df9861ec77b2593a17f608285"}, 
{"path": "client/res/Task/", "name": "icon_task_1.png", "md5": "a7477bfb7726135d85c567034126e2f0"}, 
{"path": "client/res/Task/", "name": "icon_task_2.png", "md5": "87ee3743ad0488de2d8906bd0bd54b71"}, 
{"path": "client/res/Task/", "name": "icon_task_4.png", "md5": "1dbf44f12cc81c8c610a0e334b60d51b"}, 
{"path": "client/res/Task/", "name": "icon_task_8.png", "md5": "9b7813f79815fd9da1fd1da4dc6066fd"}, 
{"path": "client/res/Task/", "name": "icon_task_gold_0.png", "md5": "6aafec88f7241be7a35ec5d081d34d45"}, 
{"path": "client/res/Task/", "name": "icon_task_gold_1.png", "md5": "1297fb6703e2a2f5ce6477e0db7ff81d"}, 
{"path": "client/res/Task/", "name": "icon_task_ingot_0.png", "md5": "4a5fb4a10cd266a076a4e80e26a42053"}, 
{"path": "client/res/Task/", "name": "icon_task_ingot_1.png", "md5": "f64304ca37d6101cb59acd8a7f4e0c80"}, 
{"path": "client/res/Task/", "name": "num_task_0.png", "md5": "ca04283eba61eb0280a197de082dc4b9"}, 
{"path": "client/res/Task/", "name": "num_task_1.png", "md5": "63a2cbf42abb8d9b7b7c3cfd49587c0b"}, 
{"path": "client/res/Task/", "name": "text_task_name.png", "md5": "481cd4c10729fdabaeb2f9acc980119a"}, 
{"path": "client/res/Task/", "name": "text_task_progress.png", "md5": "8e32179fca70c524a9e3e851504abb47"}, 
{"path": "client/res/Task/", "name": "text_task_reward.png", "md5": "1bf242f8bc27669d490b2de62eb6f75b"}, 
{"path": "client/res/Task/", "name": "text_task_task.png", "md5": "e7a706981fce13e480e44dd3b521f42f"}, 
{"path": "client/res/Task/", "name": "text_task_time.png", "md5": "2c0d13b53bda36c5b870de2f5d684cf8"}, 
{"path": "client/res/userinfo/", "name": "PromoterInputLayer.csb", "md5": "8e28ef71ced86cf132ca886efee44c9c"}, 
{"path": "client/res/userinfo/", "name": "QrCodeLayer.csb", "md5": "ac8bf853944a2af9cdf175e91afb7233"}, 
{"path": "client/res/userinfo/", "name": "SelectHeadLayer.csb", "md5": "bd28719f4ad387a57b3fde3b6a99fa0a"}, 
{"path": "client/res/userinfo/", "name": "uinfo_atlas_sendcount.png", "md5": "fadabb1972046fe7653be1bb54dffec3"}, 
{"path": "client/res/userinfo/", "name": "userinfo.plist", "md5": "80458e6014643113c250ce6b1004ef3c"}, 
{"path": "client/res/userinfo/", "name": "userinfo.png", "md5": "2c050555008019d479ad908abd9c1fc2"}, 
{"path": "client/src/external/", "name": "AnimationMgr.luac", "md5": "2763c9c327b0201fa58e10dfebafc140"}, 
{"path": "client/src/external/", "name": "ClipText.luac", "md5": "5f5e4a89b1ec11a48ea81f229951c988"}, 
{"path": "client/src/external/", "name": "ExternalFun.luac", "md5": "0dda4f0e724453a7bfe9319e3944503e"}, 
{"path": "client/src/external/", "name": "HeadSprite.luac", "md5": "a8fdc19f8493774c29e1ca4ef43aeb21"}, 
{"path": "client/src/external/", "name": "MultiPlatform.luac", "md5": "aa4fe9d56373baca7fe604b03034d47a"}, 
{"path": "client/src/external/", "name": "NotifyMgr.luac", "md5": "23e0e4131dbc79dc4deb99d9c113b646"}, 
{"path": "client/src/external/platform/", "name": "Bridge_android.luac", "md5": "dda0fa08828abecd3299b775a2c2e139"}, 
{"path": "client/src/external/platform/", "name": "Bridge_ios.luac", "md5": "0762d5005c5d63d96870def5118d35e7"}, 
{"path": "client/src/external/", "name": "PopupInfoHead.luac", "md5": "1aa1e3ab86a46b359ae0d43ba8616a1a"}, 
{"path": "client/src/external/", "name": "PopupInfoLayer.luac", "md5": "864f54e98634753c20ccc71dc9c389ec"}, 
{"path": "client/src/gamemodel/", "name": "GameModel.luac", "md5": "2b40656752f2f83f66ff1adb513c1b73"}, 
{"path": "client/src/gamemodel/", "name": "GameRoomLayerModel.luac", "md5": "0050795ca93df264a72130e8f1fd548f"}, 
{"path": "client/src/header/", "name": "CMD_ChatServer.luac", "md5": "da0bff36f4622dafe35bfa5c3ec07cb2"}, 
{"path": "client/src/header/", "name": "CMD_GameServer.luac", "md5": "4748aaa5b47fecfef4cde328e1562b09"}, 
{"path": "client/src/header/", "name": "CMD_LogonServer.luac", "md5": "ed3d6c179c6d6b3b3c2d4c4e9ea4bc32"}, 
{"path": "client/src/plaza/models/", "name": "BankFrame.luac", "md5": "ee4cdf9a4bc6b5a46a49f096a25ab5b9"}, 
{"path": "client/src/plaza/models/", "name": "BaseFrame.luac", "md5": "9b2910f4b9591be5888311a79c9a1ffe"}, 
{"path": "client/src/plaza/models/", "name": "CheckinFrame.luac", "md5": "7ce31d5ad4d6ec534149d1d0c3622712"}, 
{"path": "client/src/plaza/models/", "name": "ClientUserItem.luac", "md5": "b3fe2322b43fc7f8b1233fdfd7c12c16"}, 
{"path": "client/src/plaza/models/", "name": "FriendMgr.luac", "md5": "b49c95c215eda918a579da34249d4938"}, 
{"path": "client/src/plaza/models/", "name": "GameFrameEngine.luac", "md5": "18d7b68fd8b996fdd71b3d3c07c874c6"}, 
{"path": "client/src/plaza/models/", "name": "GameServerItem.luac", "md5": "9790373b75a68323885bd8032cf7eee5"}, 
{"path": "client/src/plaza/models/", "name": "GlobalUserItem.luac", "md5": "35b1b6d4037ceefe725f044a692de1c4"}, 
{"path": "client/src/plaza/models/", "name": "LevelFrame.luac", "md5": "5d3bd12dbcf5f52c4028361078ff7753"}, 
{"path": "client/src/plaza/models/", "name": "LogonFrame.luac", "md5": "91ee79e3ab7313016042d7bcbcc44efc"}, 
{"path": "client/src/plaza/models/", "name": "ModifyFrame.luac", "md5": "0e01595bce8f0228928199224651cd97"}, 
{"path": "client/src/plaza/models/", "name": "ShopDetailFrame.luac", "md5": "308fafca3484fa417b68f640a9c1ef28"}, 
{"path": "client/src/plaza/models/", "name": "TaskFrame.luac", "md5": "7751adff49bdb20dc9e7be247f3a28cd"}, 
{"path": "client/src/plaza/models/", "name": "TaskItem.luac", "md5": "b6dc63033aab22a4cf1429af5e39e17d"}, 
{"path": "client/src/plaza/models/", "name": "yl.luac", "md5": "7daa080b9929ccaa5d30929fed7d9ff0"}, 
{"path": "client/src/plaza/views/", "name": "ClientScene.luac", "md5": "fac6ae9bf8face671b63c4f62b717240"}, 
{"path": "client/src/plaza/views/layer/friend/", "name": "FriendChatList.luac", "md5": "501f3301e65510ab0503399858718f62"}, 
{"path": "client/src/plaza/views/layer/friend/", "name": "FriendLayer.luac", "md5": "fd8c93f7f676953f2c9b41a9bb57ad1b"}, 
{"path": "client/src/plaza/views/layer/friend/", "name": "FriendListCell.luac", "md5": "4c41d2da1e1b3b27d287a722822796d6"}, 
{"path": "client/src/plaza/views/layer/friend/", "name": "FriendQueryDialog.luac", "md5": "af953e9694e108c280a12a60d4195bd2"}, 
{"path": "client/src/plaza/views/layer/friend/", "name": "FriendShareListLayer.luac", "md5": "ad15e6fc27f39c34182cb1171a05a1f2"}, 
{"path": "client/src/plaza/views/layer/friend/", "name": "NearFriendListLayer.luac", "md5": "2af826b816997c7bc347e6d0e95316c6"}, 
{"path": "client/src/plaza/views/layer/friend/", "name": "TrumpetSendLayer.luac", "md5": "c8c91587b5ff57fa0a8774af67a92061"}, 
{"path": "client/src/plaza/views/layer/game/", "name": "GameChatLayer.luac", "md5": "6c22f5f297bf5cdd6fa03466aa872ce9"}, 
{"path": "client/src/plaza/views/layer/game/", "name": "VoiceRecorderKit.luac", "md5": "df7d1c1a06e6bbb7984826db8dd27dc9"}, 
{"path": "client/src/plaza/views/layer/logon/", "name": "LogonView.luac", "md5": "04ca02cc7062c10ac013f7474ee4c4a4"}, 
{"path": "client/src/plaza/views/layer/logon/", "name": "RegisterView.luac", "md5": "afffa578b570eba065318497f1d4868c"}, 
{"path": "client/src/plaza/views/layer/other/", "name": "OptionLayer.luac", "md5": "362cd42cbb146cbe355f79da7a7cc382"}, 
{"path": "client/src/plaza/views/layer/other/", "name": "RichLabel.luac", "md5": "c0a0f9e81e876b54e308e35295af9223"}, 
{"path": "client/src/plaza/views/layer/other/", "name": "ServiceLayer.luac", "md5": "75afb43213a1f25c1c8cdc58c234912f"}, 
{"path": "client/src/plaza/views/layer/plaza/", "name": "AgentLayer.luac", "md5": "5c55bc8a44f7b8800a6c5a466c13aa25"}, 
{"path": "client/src/plaza/views/layer/plaza/", "name": "BagDetailLayer.luac", "md5": "5b2f422808927acd75c0df0f1f904462"}, 
{"path": "client/src/plaza/views/layer/plaza/", "name": "BagLayer.luac", "md5": "c1b3934eba3e9ad2a8e53616b7785b90"}, 
{"path": "client/src/plaza/views/layer/plaza/", "name": "BagTransLayer.luac", "md5": "d9a677ecc6a6f6f7308b225423c5310b"}, 
{"path": "client/src/plaza/views/layer/plaza/", "name": "BankLayer.luac", "md5": "612bd9b331e19cd964132473d610a1d3"}, 
{"path": "client/src/plaza/views/layer/plaza/", "name": "BankRecordLayer.luac", "md5": "65f8b5e6130e3b00e3ada4edefba7b53"}, 
{"path": "client/src/plaza/views/layer/plaza/", "name": "BindingLayer.luac", "md5": "5d5ec1e26f61615baf0497ada881fd7d"}, 
{"path": "client/src/plaza/views/layer/plaza/", "name": "BindingRegisterLayer.luac", "md5": "5efc8b11aef259e0ac0d9abb6f0fca9f"}, 
{"path": "client/src/plaza/views/layer/plaza/", "name": "CheckinLayer.luac", "md5": "07fd724d49ef9634c0ccd50dd3b82614"}, 
{"path": "client/src/plaza/views/layer/plaza/", "name": "EveryDayLayer.luac", "md5": "91b8e10bc4c13d405c9d0bafb7b67fcc"}, 
{"path": "client/src/plaza/views/layer/plaza/", "name": "FaqLayer.luac", "md5": "c185eb01671daf513ee7fc987addec69"}, 
{"path": "client/src/plaza/views/layer/plaza/", "name": "FeedbackLayer.luac", "md5": "10ed0315a8016fc5049920446c9609a0"}, 
{"path": "client/src/plaza/views/layer/plaza/", "name": "GameListLayer.luac", "md5": "a3da39a92740dedb49c9a8ff0e687a19"}, 
{"path": "client/src/plaza/views/layer/plaza/", "name": "IntroduceLayer.luac", "md5": "186a74e530a3cef8b906b7805898ff7c"}, 
{"path": "client/src/plaza/views/layer/plaza/", "name": "ModifyPasswdLayer.luac", "md5": "78fd736c11f4341b8c8110974b162cc0"}, 
{"path": "client/src/plaza/views/layer/plaza/", "name": "OrderRecordLayer.luac", "md5": "382033c732cf6d6a17be5da201bcd2ca"}, 
{"path": "client/src/plaza/views/layer/plaza/", "name": "RankingListLayer.luac", "md5": "3392a545ec08ca1951687008119edf84"}, 
{"path": "client/src/plaza/views/layer/plaza/", "name": "RoomListLayer.luac", "md5": "eae2f42a81fe49766e7a5ad2540801d7"}, 
{"path": "client/src/plaza/views/layer/plaza/", "name": "ShopDetailLayer.luac", "md5": "fe98717843cf858da894d60a25ce7341"}, 
{"path": "client/src/plaza/views/layer/plaza/", "name": "ShopLayer.luac", "md5": "118375655a3c7e7aa6fcf8a8c807b49e"}, 
{"path": "client/src/plaza/views/layer/plaza/", "name": "TableLayer.luac", "md5": "b6ae38eb70efa052485d9de1304291ea"}, 
{"path": "client/src/plaza/views/layer/plaza/", "name": "TargetShareLayer.luac", "md5": "a4230d08eaedbdaf48895c4701849fb6"}, 
{"path": "client/src/plaza/views/layer/plaza/", "name": "TaskLayer.luac", "md5": "2f60199d79c739108f979956d263fcc9"}, 
{"path": "client/src/plaza/views/layer/plaza/", "name": "UserInfoLayer.luac", "md5": "a7d5d29d7d15fbe9d4fce44e15b48e2a"}, 
{"path": "client/src/plaza/views/layer/plaza/", "name": "WebViewLayer.luac", "md5": "9902088956c1f1c3ed34db815a024d07"}, 
{"path": "client/src/plaza/views/layer/room/", "name": "RoomLayer.luac", "md5": "457f1527ca6bab672d586c1c429f760a"}, 
{"path": "client/src/plaza/views/", "name": "LogonScene.luac", "md5": "94c99597cbcbc5d895c50e50c51fbf84"}, 
{"path": "client/src/privatemode/game/qipai/land/res/game/", "name": "land_game.plist", "md5": "a56099636eab9a1bb60536b250d295c5"}, 
{"path": "client/src/privatemode/game/qipai/land/res/game/", "name": "land_game.png", "md5": "a98eef150240c65ef0249e21a5da5492"}, 
{"path": "client/src/privatemode/game/qipai/land/res/game/", "name": "num_count.png", "md5": "dfb5249c6db81aa6aeec5e8f230b4a62"}, 
{"path": "client/src/privatemode/game/qipai/land/res/game/", "name": "num_roomID.png", "md5": "00a863e52148a16142793703606dc312"}, 
{"path": "client/src/privatemode/game/qipai/land/res/game/", "name": "PrivateGameEndLayer.csb", "md5": "7305692cd37f2f4dbe4054fb11ca8ffa"}, 
{"path": "client/src/privatemode/game/qipai/land/res/game/", "name": "PrivateGameLayer.csb", "md5": "d6b997042b97972c2ff2b418c17b1b87"}, 
{"path": "client/src/privatemode/game/qipai/land/res/room/", "name": "land_room.plist", "md5": "226ddd0b2b7e02c7ce6fd3e9450343eb"}, 
{"path": "client/src/privatemode/game/qipai/land/res/room/", "name": "land_room.png", "md5": "466cd244dc4e39fffa668ef66b34b779"}, 
{"path": "client/src/privatemode/game/qipai/land/res/room/", "name": "priland_sp_limitbar.png", "md5": "19f5580975f509d700afa6066fae4b55"}, 
{"path": "client/src/privatemode/game/qipai/land/res/room/", "name": "PrivateRoomCreateLayer.csb", "md5": "5357d160eec3af380d31e5eb1a79feba"}, 
{"path": "client/src/privatemode/game/qipai/land/src/", "name": "PriGameLayer.luac", "md5": "68e7b437513519922c3e766ef351ff09"}, 
{"path": "client/src/privatemode/game/qipai/land/src/", "name": "PriRoomCreateLayer.luac", "md5": "c8f1d4ef361c94e5573530a313b52d4c"}, 
{"path": "client/src/privatemode/game/yule/sparrowhz/res/privateRoom/", "name": "DismissLayer.csb", "md5": "e908ce0c5310a7989bef70db03a0790f"}, 
{"path": "client/src/privatemode/game/yule/sparrowhz/res/privateRoom/", "name": "nodeUserData.csb", "md5": "c55f1953a6ad58cb755c9cee2b6a70a1"}, 
{"path": "client/src/privatemode/game/yule/sparrowhz/res/privateRoom/", "name": "privateRoom.plist", "md5": "4e5bf97612fa587751bc789b81eb8863"}, 
{"path": "client/src/privatemode/game/yule/sparrowhz/res/privateRoom/", "name": "privateRoom.png", "md5": "44581ae1035044333d926cf9a3a23261"}, 
{"path": "client/src/privatemode/game/yule/sparrowhz/res/privateRoom/", "name": "RoomCardLayer.csb", "md5": "a24717c849378dda43f362f9ae107b70"}, 
{"path": "client/src/privatemode/game/yule/sparrowhz/res/privateRoom/", "name": "RoomGameLayer.csb", "md5": "ddbcc986660758372c97e16d24dbc79e"}, 
{"path": "client/src/privatemode/game/yule/sparrowhz/res/privateRoom/", "name": "RoomResultLayer.csb", "md5": "aed4ad5d38dfa2b8ebd6a0665286f12b"}, 
{"path": "client/src/privatemode/game/yule/sparrowhz/res/privateRoom/", "name": "RoomResultLayer_temp.csb", "md5": "b5f092a1c5a13f2ca02a619bd802fe21"}, 
{"path": "client/src/privatemode/game/yule/sparrowhz/src/", "name": "PriGameLayer.luac", "md5": "69fc192a9a48d8fc8aebc9a55e9361ce"}, 
{"path": "client/src/privatemode/game/yule/sparrowhz/src/", "name": "PriRoomCreateLayer.luac", "md5": "15520847e7e0cab9b1c18cc8f33e0832"}, 
{"path": "client/src/privatemode/header/", "name": "CMD_Private.luac", "md5": "0709c1566606fcca6af87f9fe7397453"}, 
{"path": "client/src/privatemode/header/", "name": "Define_Private.luac", "md5": "6ccab2ce4ff4349562ed395c353c885b"}, 
{"path": "client/src/privatemode/header/", "name": "Struct_Private.luac", "md5": "361af7a613adeb8a886bbd14b89dd3a9"}, 
{"path": "client/src/privatemode/plaza/res/room/", "name": "atlas_roomid.png", "md5": "98cf46ace8adbb979e5ced1267588e6d"}, 
{"path": "client/src/privatemode/plaza/res/room/", "name": "CreateRoomResult.csb", "md5": "22426c818eb88eddd8af4bfd6631b4cf"}, 
{"path": "client/src/privatemode/plaza/res/room/", "name": "PriRoomListLayer.csb", "md5": "ed73c14500c5c43bc66c99a90fb57398"}, 
{"path": "client/src/privatemode/plaza/res/room/", "name": "RecordLayer.csb", "md5": "2eaf972467c1c4104cf80805e5d69048"}, 
{"path": "client/src/privatemode/plaza/res/room/", "name": "room.plist", "md5": "02c7a8739fd53ad9b5fc7d29f16f03c4"}, 
{"path": "client/src/privatemode/plaza/res/room/", "name": "room.png", "md5": "65dcbee80dac204d78e477d472d3b72b"}, 
{"path": "client/src/privatemode/plaza/res/room/", "name": "RoomIdInputLayer.csb", "md5": "24ec69a43467e8c283173479f579cdc1"}, 
{"path": "client/src/privatemode/plaza/res/room/", "name": "RoomInfoLayer.csb", "md5": "c6ad7c6a5b7a905c4ab7c8fc85994dc6"}, 
{"path": "client/src/privatemode/plaza/src/models/", "name": "CreateLayerModel.luac", "md5": "1e586ff5335429c3aa20f69da2b9e79a"}, 
{"path": "client/src/privatemode/plaza/src/models/", "name": "PriFrame.luac", "md5": "db11c66fac1279292261ba7eb47bca30"}, 
{"path": "client/src/privatemode/plaza/src/models/", "name": "PriRoom.luac", "md5": "ef5bd2c3882a8955bee7d05c561b4ef1"}, 
{"path": "client/src/privatemode/plaza/src/models/", "name": "PrivateLayerModel.luac", "md5": "ffb9a0a9a2d1a9679697297ce2ba93a9"}, 
{"path": "client/src/privatemode/plaza/src/views/", "name": "PriRoomListLayer.luac", "md5": "d4144ee2489bf2f0164bd5ff539ff592"}, 
{"path": "client/src/privatemode/plaza/src/views/", "name": "RoomCardShopLayer.luac", "md5": "8bb9ac2effd0f0c945eca72145e793a5"}, 
{"path": "client/src/privatemode/plaza/src/views/", "name": "RoomCreateResult.luac", "md5": "e0ab72bf3ffd2d09689516778c6574cd"}, 
{"path": "client/src/privatemode/plaza/src/views/", "name": "RoomDetailLayer.luac", "md5": "58d113d5729fe6bfd9f11f8f16375499"}, 
{"path": "client/src/privatemode/plaza/src/views/", "name": "RoomIdInputLayer.luac", "md5": "efe219175391e1f91ad2061ae04890da"}, 
{"path": "client/src/privatemode/plaza/src/views/", "name": "RoomRecordLayer.luac", "md5": "1fa19598587b967f28fbaf69d3a5530d"}, 
{"allcount": 829}]}